2013,1,3,AAPL,Buy,100
2013,1,10,AAPL,Sell,100
2013,1,4,AAPL,Buy,100
2013,1,11,AAPL,Sell,100
2013,1,7,AAPL,Buy,100
2013,1,14,AAPL,Sell,100
2013,1,8,AAPL,Buy,100
2013,1,15,AAPL,Sell,100
2013,1,9,AAPL,Buy,100
2013,1,16,AAPL,Sell,100
2013,1,10,AAPL,Buy,100
2013,1,17,AAPL,Sell,100
2013,1,11,AAPL,Buy,100
2013,1,18,AAPL,Sell,100
2013,1,14,AAPL,Buy,100
2013,1,22,AAPL,Sell,100
2013,1,15,AAPL,Buy,100
2013,1,23,AAPL,Sell,100
2013,1,16,AAPL,Buy,100
2013,1,24,AAPL,Sell,100
2013,1,17,AAPL,Buy,100
2013,1,25,AAPL,Sell,100
2013,1,18,AAPL,Buy,100
2013,1,28,AAPL,Sell,100
2013,1,22,AAPL,Buy,100
2013,1,29,AAPL,Sell,100
2013,1,23,AAPL,Buy,100
2013,1,30,AAPL,Sell,100
2013,1,24,AAPL,Buy,100
2013,1,31,AAPL,Sell,100
2013,1,25,AAPL,Buy,100
2013,2,1,AAPL,Sell,100
2013,1,28,AAPL,Buy,100
2013,2,4,AAPL,Sell,100
2013,1,29,AAPL,Buy,100
2013,2,5,AAPL,Sell,100
2013,1,30,AAPL,Buy,100
2013,2,6,AAPL,Sell,100
2013,1,31,AAPL,Buy,100
2013,2,7,AAPL,Sell,100
2013,2,1,AAPL,Buy,100
2013,2,8,AAPL,Sell,100
2013,2,4,AAPL,Buy,100
2013,2,11,AAPL,Sell,100
2013,2,5,AAPL,Buy,100
2013,2,12,AAPL,Sell,100
2013,2,6,AAPL,Buy,100
2013,2,13,AAPL,Sell,100
2013,2,7,AAPL,Buy,100
2013,2,14,AAPL,Sell,100
2013,2,8,AAPL,Buy,100
2013,2,15,AAPL,Sell,100
2013,2,11,AAPL,Buy,100
2013,2,19,AAPL,Sell,100
2013,2,12,AAPL,Buy,100
2013,2,20,AAPL,Sell,100
2013,2,13,AAPL,Buy,100
2013,2,21,AAPL,Sell,100
2013,2,14,AAPL,Buy,100
2013,2,22,AAPL,Sell,100
2013,2,15,AAPL,Buy,100
2013,2,25,AAPL,Sell,100
2013,2,19,AAPL,Buy,100
2013,2,26,AAPL,Sell,100
2013,2,20,AAPL,Buy,100
2013,2,27,AAPL,Sell,100
2013,2,21,AAPL,Buy,100
2013,2,28,AAPL,Sell,100
2013,2,22,AAPL,Buy,100
2013,3,1,AAPL,Sell,100
2013,2,25,AAPL,Buy,100
2013,3,4,AAPL,Sell,100
2013,2,26,AAPL,Buy,100
2013,3,5,AAPL,Sell,100
2013,2,27,AAPL,Buy,100
2013,3,6,AAPL,Sell,100
2013,2,28,AAPL,Buy,100
2013,3,7,AAPL,Sell,100
2013,3,1,AAPL,Buy,100
2013,3,8,AAPL,Sell,100
2013,3,4,AAPL,Buy,100
2013,3,11,AAPL,Sell,100
2013,3,5,AAPL,Buy,100
2013,3,12,AAPL,Sell,100
2013,3,6,AAPL,Buy,100
2013,3,13,AAPL,Sell,100
2013,3,7,AAPL,Buy,100
2013,3,14,AAPL,Sell,100
2013,3,8,AAPL,Buy,100
2013,3,15,AAPL,Sell,100
2013,3,11,AAPL,Buy,100
2013,3,18,AAPL,Sell,100
2013,3,12,AAPL,Buy,100
2013,3,19,AAPL,Sell,100
2013,3,13,AAPL,Buy,100
2013,3,20,AAPL,Sell,100
2013,3,14,AAPL,Buy,100
2013,3,21,AAPL,Sell,100
2013,3,15,AAPL,Buy,100
2013,3,22,AAPL,Sell,100
2013,3,18,AAPL,Buy,100
2013,3,25,AAPL,Sell,100
2013,3,19,AAPL,Buy,100
2013,3,26,AAPL,Sell,100
2013,3,20,AAPL,Buy,100
2013,3,27,AAPL,Sell,100
2013,3,21,AAPL,Buy,100
2013,3,28,AAPL,Sell,100
2013,3,22,AAPL,Buy,100
2013,4,1,AAPL,Sell,100
2013,3,25,AAPL,Buy,100
2013,4,2,AAPL,Sell,100
2013,3,26,AAPL,Buy,100
2013,4,3,AAPL,Sell,100
2013,3,27,AAPL,Buy,100
2013,4,4,AAPL,Sell,100
2013,3,28,AAPL,Buy,100
2013,4,5,AAPL,Sell,100
2013,4,1,AAPL,Buy,100
2013,4,8,AAPL,Sell,100
2013,4,2,AAPL,Buy,100
2013,4,9,AAPL,Sell,100
2013,4,3,AAPL,Buy,100
2013,4,10,AAPL,Sell,100
2013,4,4,AAPL,Buy,100
2013,4,11,AAPL,Sell,100
2013,4,5,AAPL,Buy,100
2013,4,12,AAPL,Sell,100
2013,4,8,AAPL,Buy,100
2013,4,15,AAPL,Sell,100
2013,4,9,AAPL,Buy,100
2013,4,16,AAPL,Sell,100
2013,4,10,AAPL,Buy,100
2013,4,17,AAPL,Sell,100
2013,4,11,AAPL,Buy,100
2013,4,18,AAPL,Sell,100
2013,4,12,AAPL,Buy,100
2013,4,19,AAPL,Sell,100
2013,4,15,AAPL,Buy,100
2013,4,22,AAPL,Sell,100
2013,4,16,AAPL,Buy,100
2013,4,23,AAPL,Sell,100
2013,4,17,AAPL,Buy,100
2013,4,24,AAPL,Sell,100
2013,4,18,AAPL,Buy,100
2013,4,25,AAPL,Sell,100
2013,4,19,AAPL,Buy,100
2013,4,26,AAPL,Sell,100
2013,4,22,AAPL,Buy,100
2013,4,29,AAPL,Sell,100
2013,4,23,AAPL,Buy,100
2013,4,30,AAPL,Sell,100
2013,4,24,AAPL,Buy,100
2013,5,1,AAPL,Sell,100
2013,4,25,AAPL,Buy,100
2013,5,2,AAPL,Sell,100
2013,4,26,AAPL,Buy,100
2013,5,3,AAPL,Sell,100
2013,4,29,AAPL,Buy,100
2013,5,6,AAPL,Sell,100
2013,4,30,AAPL,Buy,100
2013,5,7,AAPL,Sell,100
2013,5,1,AAPL,Buy,100
2013,5,8,AAPL,Sell,100
2013,5,2,AAPL,Buy,100
2013,5,9,AAPL,Sell,100
2013,5,3,AAPL,Buy,100
2013,5,10,AAPL,Sell,100
2013,5,6,AAPL,Buy,100
2013,5,13,AAPL,Sell,100
2013,5,7,AAPL,Buy,100
2013,5,14,AAPL,Sell,100
2013,5,8,AAPL,Buy,100
2013,5,15,AAPL,Sell,100
2013,5,9,AAPL,Buy,100
2013,5,16,AAPL,Sell,100
2013,5,10,AAPL,Buy,100
2013,5,17,AAPL,Sell,100
2013,5,13,AAPL,Buy,100
2013,5,20,AAPL,Sell,100
2013,5,14,AAPL,Buy,100
2013,5,21,AAPL,Sell,100
2013,5,15,AAPL,Buy,100
2013,5,22,AAPL,Sell,100
2013,5,16,AAPL,Buy,100
2013,5,23,AAPL,Sell,100
2013,5,17,AAPL,Buy,100
2013,5,24,AAPL,Sell,100
2013,5,20,AAPL,Buy,100
2013,5,28,AAPL,Sell,100
2013,5,21,AAPL,Buy,100
2013,5,29,AAPL,Sell,100
2013,5,22,AAPL,Buy,100
2013,5,30,AAPL,Sell,100
2013,5,23,AAPL,Buy,100
2013,5,31,AAPL,Sell,100
2013,5,24,AAPL,Buy,100
2013,6,3,AAPL,Sell,100
2013,5,28,AAPL,Buy,100
2013,6,4,AAPL,Sell,100
2013,5,29,AAPL,Buy,100
2013,6,5,AAPL,Sell,100
2013,5,30,AAPL,Buy,100
2013,6,6,AAPL,Sell,100
2013,5,31,AAPL,Buy,100
2013,6,7,AAPL,Sell,100
2013,6,3,AAPL,Buy,100
2013,6,10,AAPL,Sell,100
2013,6,4,AAPL,Buy,100
2013,6,11,AAPL,Sell,100
2013,6,5,AAPL,Buy,100
2013,6,12,AAPL,Sell,100
2013,6,6,AAPL,Buy,100
2013,6,13,AAPL,Sell,100
2013,6,7,AAPL,Buy,100
2013,6,14,AAPL,Sell,100
2013,6,10,AAPL,Buy,100
2013,6,17,AAPL,Sell,100
2013,6,11,AAPL,Buy,100
2013,6,18,AAPL,Sell,100
2013,6,12,AAPL,Buy,100
2013,6,19,AAPL,Sell,100
2013,6,13,AAPL,Buy,100
2013,6,20,AAPL,Sell,100
2013,6,14,AAPL,Buy,100
2013,6,21,AAPL,Sell,100
2013,6,17,AAPL,Buy,100
2013,6,24,AAPL,Sell,100
2013,6,18,AAPL,Buy,100
2013,6,25,AAPL,Sell,100
2013,6,19,AAPL,Buy,100
2013,6,26,AAPL,Sell,100
2013,6,20,AAPL,Buy,100
2013,6,27,AAPL,Sell,100
2013,6,21,AAPL,Buy,100
2013,6,28,AAPL,Sell,100
2013,6,24,AAPL,Buy,100
2013,7,1,AAPL,Sell,100
2013,6,25,AAPL,Buy,100
2013,7,2,AAPL,Sell,100
2013,6,26,AAPL,Buy,100
2013,7,3,AAPL,Sell,100
2013,6,27,AAPL,Buy,100
2013,7,5,AAPL,Sell,100
2013,6,28,AAPL,Buy,100
2013,7,8,AAPL,Sell,100
2013,7,1,AAPL,Buy,100
2013,7,9,AAPL,Sell,100
2013,7,2,AAPL,Buy,100
2013,7,10,AAPL,Sell,100
2013,7,3,AAPL,Buy,100
2013,7,11,AAPL,Sell,100
2013,7,5,AAPL,Buy,100
2013,7,12,AAPL,Sell,100
2013,7,8,AAPL,Buy,100
2013,7,15,AAPL,Sell,100
2013,7,9,AAPL,Buy,100
2013,7,16,AAPL,Sell,100
2013,7,10,AAPL,Buy,100
2013,7,17,AAPL,Sell,100
2013,7,11,AAPL,Buy,100
2013,7,18,AAPL,Sell,100
2013,7,12,AAPL,Buy,100
2013,7,19,AAPL,Sell,100
2013,7,15,AAPL,Buy,100
2013,7,22,AAPL,Sell,100
2013,7,16,AAPL,Buy,100
2013,7,23,AAPL,Sell,100
2013,7,17,AAPL,Buy,100
2013,7,24,AAPL,Sell,100
2013,7,18,AAPL,Buy,100
2013,7,25,AAPL,Sell,100
2013,7,19,AAPL,Buy,100
2013,7,26,AAPL,Sell,100
2013,7,22,AAPL,Buy,100
2013,7,29,AAPL,Sell,100
2013,7,23,AAPL,Buy,100
2013,7,30,AAPL,Sell,100
2013,7,24,AAPL,Buy,100
2013,7,31,AAPL,Sell,100
2013,7,25,AAPL,Buy,100
2013,8,1,AAPL,Sell,100
2013,7,26,AAPL,Buy,100
2013,8,2,AAPL,Sell,100
2013,7,29,AAPL,Buy,100
2013,8,5,AAPL,Sell,100
2013,7,30,AAPL,Buy,100
2013,8,6,AAPL,Sell,100
2013,7,31,AAPL,Buy,100
2013,8,7,AAPL,Sell,100
2013,8,1,AAPL,Buy,100
2013,8,8,AAPL,Sell,100
2013,8,2,AAPL,Buy,100
2013,8,9,AAPL,Sell,100
2013,8,5,AAPL,Buy,100
2013,8,12,AAPL,Sell,100
2013,8,6,AAPL,Buy,100
2013,8,13,AAPL,Sell,100
2013,8,7,AAPL,Buy,100
2013,8,14,AAPL,Sell,100
2013,8,8,AAPL,Buy,100
2013,8,15,AAPL,Sell,100
2013,8,9,AAPL,Buy,100
2013,8,16,AAPL,Sell,100
2013,8,12,AAPL,Buy,100
2013,8,19,AAPL,Sell,100
2013,8,13,AAPL,Buy,100
2013,8,20,AAPL,Sell,100
2013,8,14,AAPL,Buy,100
2013,8,21,AAPL,Sell,100
2013,8,15,AAPL,Buy,100
2013,8,22,AAPL,Sell,100
2013,8,16,AAPL,Buy,100
2013,8,23,AAPL,Sell,100
2013,8,19,AAPL,Buy,100
2013,8,26,AAPL,Sell,100
2013,8,20,AAPL,Buy,100
2013,8,27,AAPL,Sell,100
2013,8,21,AAPL,Buy,100
2013,8,28,AAPL,Sell,100
2013,8,22,AAPL,Buy,100
2013,8,29,AAPL,Sell,100
2013,8,23,AAPL,Buy,100
2013,8,30,AAPL,Sell,100
2013,8,26,AAPL,Buy,100
2013,9,3,AAPL,Sell,100
2013,8,27,AAPL,Buy,100
2013,9,4,AAPL,Sell,100
2013,8,28,AAPL,Buy,100
2013,9,5,AAPL,Sell,100
2013,8,29,AAPL,Buy,100
2013,9,6,AAPL,Sell,100
2013,8,30,AAPL,Buy,100
2013,9,9,AAPL,Sell,100
2013,9,3,AAPL,Buy,100
2013,9,10,AAPL,Sell,100
2013,9,4,AAPL,Buy,100
2013,9,11,AAPL,Sell,100
2013,9,5,AAPL,Buy,100
2013,9,12,AAPL,Sell,100
2013,9,6,AAPL,Buy,100
2013,9,13,AAPL,Sell,100
2013,9,9,AAPL,Buy,100
2013,9,16,AAPL,Sell,100
2013,9,10,AAPL,Buy,100
2013,9,17,AAPL,Sell,100
2013,9,11,AAPL,Buy,100
2013,9,18,AAPL,Sell,100
2013,9,12,AAPL,Buy,100
2013,9,19,AAPL,Sell,100
2013,9,13,AAPL,Buy,100
2013,9,20,AAPL,Sell,100
2013,9,16,AAPL,Buy,100
2013,9,23,AAPL,Sell,100
2013,9,17,AAPL,Buy,100
2013,9,24,AAPL,Sell,100
2013,9,18,AAPL,Buy,100
2013,9,25,AAPL,Sell,100
2013,9,19,AAPL,Buy,100
2013,9,26,AAPL,Sell,100
2013,9,20,AAPL,Buy,100
2013,9,27,AAPL,Sell,100
2013,9,23,AAPL,Buy,100
2013,9,30,AAPL,Sell,100
2013,9,24,AAPL,Buy,100
2013,10,1,AAPL,Sell,100
2013,9,25,AAPL,Buy,100
2013,10,2,AAPL,Sell,100
2013,9,26,AAPL,Buy,100
2013,10,3,AAPL,Sell,100
2013,9,27,AAPL,Buy,100
2013,10,4,AAPL,Sell,100
2013,9,30,AAPL,Buy,100
2013,10,7,AAPL,Sell,100
2013,10,1,AAPL,Buy,100
2013,10,8,AAPL,Sell,100
2013,10,2,AAPL,Buy,100
2013,10,9,AAPL,Sell,100
2013,10,3,AAPL,Buy,100
2013,10,10,AAPL,Sell,100
2013,10,4,AAPL,Buy,100
2013,10,11,AAPL,Sell,100
2013,10,7,AAPL,Buy,100
2013,10,14,AAPL,Sell,100
2013,10,8,AAPL,Buy,100
2013,10,15,AAPL,Sell,100
2013,10,9,AAPL,Buy,100
2013,10,16,AAPL,Sell,100
2013,10,10,AAPL,Buy,100
2013,10,17,AAPL,Sell,100
2013,10,11,AAPL,Buy,100
2013,10,18,AAPL,Sell,100
2013,10,14,AAPL,Buy,100
2013,10,21,AAPL,Sell,100
2013,10,15,AAPL,Buy,100
2013,10,22,AAPL,Sell,100
2013,10,16,AAPL,Buy,100
2013,10,23,AAPL,Sell,100
2013,10,17,AAPL,Buy,100
2013,10,24,AAPL,Sell,100
2013,10,18,AAPL,Buy,100
2013,10,25,AAPL,Sell,100
2013,10,21,AAPL,Buy,100
2013,10,28,AAPL,Sell,100
2013,10,22,AAPL,Buy,100
2013,10,29,AAPL,Sell,100
2013,10,23,AAPL,Buy,100
2013,10,30,AAPL,Sell,100
2013,10,24,AAPL,Buy,100
2013,10,31,AAPL,Sell,100
2013,10,25,AAPL,Buy,100
2013,11,1,AAPL,Sell,100
2013,10,28,AAPL,Buy,100
2013,11,4,AAPL,Sell,100
2013,10,29,AAPL,Buy,100
2013,11,5,AAPL,Sell,100
2013,10,30,AAPL,Buy,100
2013,11,6,AAPL,Sell,100
2013,10,31,AAPL,Buy,100
2013,11,7,AAPL,Sell,100
2013,11,1,AAPL,Buy,100
2013,11,8,AAPL,Sell,100
2013,11,4,AAPL,Buy,100
2013,11,11,AAPL,Sell,100
2013,11,5,AAPL,Buy,100
2013,11,12,AAPL,Sell,100
2013,11,6,AAPL,Buy,100
2013,11,13,AAPL,Sell,100
2013,11,7,AAPL,Buy,100
2013,11,14,AAPL,Sell,100
2013,11,8,AAPL,Buy,100
2013,11,15,AAPL,Sell,100
2013,11,11,AAPL,Buy,100
2013,11,18,AAPL,Sell,100
2013,11,12,AAPL,Buy,100
2013,11,19,AAPL,Sell,100
2013,11,13,AAPL,Buy,100
2013,11,20,AAPL,Sell,100
2013,11,14,AAPL,Buy,100
2013,11,21,AAPL,Sell,100
2013,11,15,AAPL,Buy,100
2013,11,22,AAPL,Sell,100
2013,11,18,AAPL,Buy,100
2013,11,25,AAPL,Sell,100
2013,11,19,AAPL,Buy,100
2013,11,26,AAPL,Sell,100
2013,11,20,AAPL,Buy,100
2013,11,27,AAPL,Sell,100
2013,11,21,AAPL,Buy,100
2013,11,29,AAPL,Sell,100
2013,11,22,AAPL,Buy,100
2013,12,2,AAPL,Sell,100
2013,11,25,AAPL,Buy,100
2013,12,3,AAPL,Sell,100
2013,11,26,AAPL,Buy,100
2013,12,4,AAPL,Sell,100
2013,11,27,AAPL,Buy,100
2013,12,5,AAPL,Sell,100
2013,11,29,AAPL,Buy,100
2013,12,6,AAPL,Sell,100
2013,12,2,AAPL,Buy,100
2013,12,9,AAPL,Sell,100
2013,12,3,AAPL,Buy,100
2013,12,10,AAPL,Sell,100
2013,12,4,AAPL,Buy,100
2013,12,11,AAPL,Sell,100
2013,12,5,AAPL,Buy,100
2013,12,12,AAPL,Sell,100
2013,12,6,AAPL,Buy,100
2013,12,13,AAPL,Sell,100
2013,12,9,AAPL,Buy,100
2013,12,16,AAPL,Sell,100
2013,12,10,AAPL,Buy,100
2013,12,17,AAPL,Sell,100
2013,12,11,AAPL,Buy,100
2013,12,18,AAPL,Sell,100
2013,12,12,AAPL,Buy,100
2013,12,19,AAPL,Sell,100
2013,12,13,AAPL,Buy,100
2013,12,20,AAPL,Sell,100
2013,12,16,AAPL,Buy,100
2013,12,23,AAPL,Sell,100
2013,12,17,AAPL,Buy,100
2013,12,24,AAPL,Sell,100
2013,12,18,AAPL,Buy,100
2013,12,26,AAPL,Sell,100
2013,12,19,AAPL,Buy,100
2013,12,27,AAPL,Sell,100
2013,12,20,AAPL,Buy,100
2013,12,30,AAPL,Sell,100
2013,12,23,AAPL,Buy,100
2013,12,31,AAPL,Sell,100
2013,12,24,AAPL,Buy,100
2013,12,31,AAPL,Sell,100
2013,12,26,AAPL,Buy,100
2013,12,31,AAPL,Sell,100
2013,12,27,AAPL,Buy,100
2013,12,31,AAPL,Sell,100
2013,12,30,AAPL,Buy,100
2013,12,31,AAPL,Sell,100
2013,12,31,AAPL,Buy,100
2013,12,31,AAPL,Sell,100
2013,1,3,GOOG,Buy,100
2013,1,10,GOOG,Sell,100
2013,1,4,GOOG,Buy,100
2013,1,11,GOOG,Sell,100
2013,1,7,GOOG,Buy,100
2013,1,14,GOOG,Sell,100
2013,1,8,GOOG,Buy,100
2013,1,15,GOOG,Sell,100
2013,1,9,GOOG,Buy,100
2013,1,16,GOOG,Sell,100
2013,1,10,GOOG,Buy,100
2013,1,17,GOOG,Sell,100
2013,1,11,GOOG,Buy,100
2013,1,18,GOOG,Sell,100
2013,1,14,GOOG,Buy,100
2013,1,22,GOOG,Sell,100
2013,1,15,GOOG,Buy,100
2013,1,23,GOOG,Sell,100
2013,1,16,GOOG,Buy,100
2013,1,24,GOOG,Sell,100
2013,1,17,GOOG,Buy,100
2013,1,25,GOOG,Sell,100
2013,1,18,GOOG,Buy,100
2013,1,28,GOOG,Sell,100
2013,1,22,GOOG,Buy,100
2013,1,29,GOOG,Sell,100
2013,1,23,GOOG,Buy,100
2013,1,30,GOOG,Sell,100
2013,1,24,GOOG,Buy,100
2013,1,31,GOOG,Sell,100
2013,1,25,GOOG,Buy,100
2013,2,1,GOOG,Sell,100
2013,1,28,GOOG,Buy,100
2013,2,4,GOOG,Sell,100
2013,1,29,GOOG,Buy,100
2013,2,5,GOOG,Sell,100
2013,1,30,GOOG,Buy,100
2013,2,6,GOOG,Sell,100
2013,1,31,GOOG,Buy,100
2013,2,7,GOOG,Sell,100
2013,2,1,GOOG,Buy,100
2013,2,8,GOOG,Sell,100
2013,2,4,GOOG,Buy,100
2013,2,11,GOOG,Sell,100
2013,2,5,GOOG,Buy,100
2013,2,12,GOOG,Sell,100
2013,2,6,GOOG,Buy,100
2013,2,13,GOOG,Sell,100
2013,2,7,GOOG,Buy,100
2013,2,14,GOOG,Sell,100
2013,2,8,GOOG,Buy,100
2013,2,15,GOOG,Sell,100
2013,2,11,GOOG,Buy,100
2013,2,19,GOOG,Sell,100
2013,2,12,GOOG,Buy,100
2013,2,20,GOOG,Sell,100
2013,2,13,GOOG,Buy,100
2013,2,21,GOOG,Sell,100
2013,2,14,GOOG,Buy,100
2013,2,22,GOOG,Sell,100
2013,2,15,GOOG,Buy,100
2013,2,25,GOOG,Sell,100
2013,2,19,GOOG,Buy,100
2013,2,26,GOOG,Sell,100
2013,2,20,GOOG,Buy,100
2013,2,27,GOOG,Sell,100
2013,2,21,GOOG,Buy,100
2013,2,28,GOOG,Sell,100
2013,2,22,GOOG,Buy,100
2013,3,1,GOOG,Sell,100
2013,2,25,GOOG,Buy,100
2013,3,4,GOOG,Sell,100
2013,2,26,GOOG,Buy,100
2013,3,5,GOOG,Sell,100
2013,2,27,GOOG,Buy,100
2013,3,6,GOOG,Sell,100
2013,2,28,GOOG,Buy,100
2013,3,7,GOOG,Sell,100
2013,3,1,GOOG,Buy,100
2013,3,8,GOOG,Sell,100
2013,3,4,GOOG,Buy,100
2013,3,11,GOOG,Sell,100
2013,3,5,GOOG,Buy,100
2013,3,12,GOOG,Sell,100
2013,3,6,GOOG,Buy,100
2013,3,13,GOOG,Sell,100
2013,3,7,GOOG,Buy,100
2013,3,14,GOOG,Sell,100
2013,3,8,GOOG,Buy,100
2013,3,15,GOOG,Sell,100
2013,3,11,GOOG,Buy,100
2013,3,18,GOOG,Sell,100
2013,3,12,GOOG,Buy,100
2013,3,19,GOOG,Sell,100
2013,3,13,GOOG,Buy,100
2013,3,20,GOOG,Sell,100
2013,3,14,GOOG,Buy,100
2013,3,21,GOOG,Sell,100
2013,3,15,GOOG,Buy,100
2013,3,22,GOOG,Sell,100
2013,3,18,GOOG,Buy,100
2013,3,25,GOOG,Sell,100
2013,3,19,GOOG,Buy,100
2013,3,26,GOOG,Sell,100
2013,3,20,GOOG,Buy,100
2013,3,27,GOOG,Sell,100
2013,3,21,GOOG,Buy,100
2013,3,28,GOOG,Sell,100
2013,3,22,GOOG,Buy,100
2013,4,1,GOOG,Sell,100
2013,3,25,GOOG,Buy,100
2013,4,2,GOOG,Sell,100
2013,3,26,GOOG,Buy,100
2013,4,3,GOOG,Sell,100
2013,3,27,GOOG,Buy,100
2013,4,4,GOOG,Sell,100
2013,3,28,GOOG,Buy,100
2013,4,5,GOOG,Sell,100
2013,4,1,GOOG,Buy,100
2013,4,8,GOOG,Sell,100
2013,4,2,GOOG,Buy,100
2013,4,9,GOOG,Sell,100
2013,4,3,GOOG,Buy,100
2013,4,10,GOOG,Sell,100
2013,4,4,GOOG,Buy,100
2013,4,11,GOOG,Sell,100
2013,4,5,GOOG,Buy,100
2013,4,12,GOOG,Sell,100
2013,4,8,GOOG,Buy,100
2013,4,15,GOOG,Sell,100
2013,4,9,GOOG,Buy,100
2013,4,16,GOOG,Sell,100
2013,4,10,GOOG,Buy,100
2013,4,17,GOOG,Sell,100
2013,4,11,GOOG,Buy,100
2013,4,18,GOOG,Sell,100
2013,4,12,GOOG,Buy,100
2013,4,19,GOOG,Sell,100
2013,4,15,GOOG,Buy,100
2013,4,22,GOOG,Sell,100
2013,4,16,GOOG,Buy,100
2013,4,23,GOOG,Sell,100
2013,4,17,GOOG,Buy,100
2013,4,24,GOOG,Sell,100
2013,4,18,GOOG,Buy,100
2013,4,25,GOOG,Sell,100
2013,4,19,GOOG,Buy,100
2013,4,26,GOOG,Sell,100
2013,4,22,GOOG,Buy,100
2013,4,29,GOOG,Sell,100
2013,4,23,GOOG,Buy,100
2013,4,30,GOOG,Sell,100
2013,4,24,GOOG,Buy,100
2013,5,1,GOOG,Sell,100
2013,4,25,GOOG,Buy,100
2013,5,2,GOOG,Sell,100
2013,4,26,GOOG,Buy,100
2013,5,3,GOOG,Sell,100
2013,4,29,GOOG,Buy,100
2013,5,6,GOOG,Sell,100
2013,4,30,GOOG,Buy,100
2013,5,7,GOOG,Sell,100
2013,5,1,GOOG,Buy,100
2013,5,8,GOOG,Sell,100
2013,5,2,GOOG,Buy,100
2013,5,9,GOOG,Sell,100
2013,5,3,GOOG,Buy,100
2013,5,10,GOOG,Sell,100
2013,5,6,GOOG,Buy,100
2013,5,13,GOOG,Sell,100
2013,5,7,GOOG,Buy,100
2013,5,14,GOOG,Sell,100
2013,5,8,GOOG,Buy,100
2013,5,15,GOOG,Sell,100
2013,5,9,GOOG,Buy,100
2013,5,16,GOOG,Sell,100
2013,5,10,GOOG,Buy,100
2013,5,17,GOOG,Sell,100
2013,5,13,GOOG,Buy,100
2013,5,20,GOOG,Sell,100
2013,5,14,GOOG,Buy,100
2013,5,21,GOOG,Sell,100
2013,5,15,GOOG,Buy,100
2013,5,22,GOOG,Sell,100
2013,5,16,GOOG,Buy,100
2013,5,23,GOOG,Sell,100
2013,5,17,GOOG,Buy,100
2013,5,24,GOOG,Sell,100
2013,5,20,GOOG,Buy,100
2013,5,28,GOOG,Sell,100
2013,5,21,GOOG,Buy,100
2013,5,29,GOOG,Sell,100
2013,5,22,GOOG,Buy,100
2013,5,30,GOOG,Sell,100
2013,5,23,GOOG,Buy,100
2013,5,31,GOOG,Sell,100
2013,5,24,GOOG,Buy,100
2013,6,3,GOOG,Sell,100
2013,5,28,GOOG,Buy,100
2013,6,4,GOOG,Sell,100
2013,5,29,GOOG,Buy,100
2013,6,5,GOOG,Sell,100
2013,5,30,GOOG,Buy,100
2013,6,6,GOOG,Sell,100
2013,5,31,GOOG,Buy,100
2013,6,7,GOOG,Sell,100
2013,6,3,GOOG,Buy,100
2013,6,10,GOOG,Sell,100
2013,6,4,GOOG,Buy,100
2013,6,11,GOOG,Sell,100
2013,6,5,GOOG,Buy,100
2013,6,12,GOOG,Sell,100
2013,6,6,GOOG,Buy,100
2013,6,13,GOOG,Sell,100
2013,6,7,GOOG,Buy,100
2013,6,14,GOOG,Sell,100
2013,6,10,GOOG,Buy,100
2013,6,17,GOOG,Sell,100
2013,6,11,GOOG,Buy,100
2013,6,18,GOOG,Sell,100
2013,6,12,GOOG,Buy,100
2013,6,19,GOOG,Sell,100
2013,6,13,GOOG,Buy,100
2013,6,20,GOOG,Sell,100
2013,6,14,GOOG,Buy,100
2013,6,21,GOOG,Sell,100
2013,6,17,GOOG,Buy,100
2013,6,24,GOOG,Sell,100
2013,6,18,GOOG,Buy,100
2013,6,25,GOOG,Sell,100
2013,6,19,GOOG,Buy,100
2013,6,26,GOOG,Sell,100
2013,6,20,GOOG,Buy,100
2013,6,27,GOOG,Sell,100
2013,6,21,GOOG,Buy,100
2013,6,28,GOOG,Sell,100
2013,6,24,GOOG,Buy,100
2013,7,1,GOOG,Sell,100
2013,6,25,GOOG,Buy,100
2013,7,2,GOOG,Sell,100
2013,6,26,GOOG,Buy,100
2013,7,3,GOOG,Sell,100
2013,6,27,GOOG,Buy,100
2013,7,5,GOOG,Sell,100
2013,6,28,GOOG,Buy,100
2013,7,8,GOOG,Sell,100
2013,7,1,GOOG,Buy,100
2013,7,9,GOOG,Sell,100
2013,7,2,GOOG,Buy,100
2013,7,10,GOOG,Sell,100
2013,7,3,GOOG,Buy,100
2013,7,11,GOOG,Sell,100
2013,7,5,GOOG,Buy,100
2013,7,12,GOOG,Sell,100
2013,7,8,GOOG,Buy,100
2013,7,15,GOOG,Sell,100
2013,7,9,GOOG,Buy,100
2013,7,16,GOOG,Sell,100
2013,7,10,GOOG,Buy,100
2013,7,17,GOOG,Sell,100
2013,7,11,GOOG,Buy,100
2013,7,18,GOOG,Sell,100
2013,7,12,GOOG,Buy,100
2013,7,19,GOOG,Sell,100
2013,7,15,GOOG,Buy,100
2013,7,22,GOOG,Sell,100
2013,7,16,GOOG,Buy,100
2013,7,23,GOOG,Sell,100
2013,7,17,GOOG,Buy,100
2013,7,24,GOOG,Sell,100
2013,7,18,GOOG,Buy,100
2013,7,25,GOOG,Sell,100
2013,7,19,GOOG,Buy,100
2013,7,26,GOOG,Sell,100
2013,7,22,GOOG,Buy,100
2013,7,29,GOOG,Sell,100
2013,7,23,GOOG,Buy,100
2013,7,30,GOOG,Sell,100
2013,7,24,GOOG,Buy,100
2013,7,31,GOOG,Sell,100
2013,7,25,GOOG,Buy,100
2013,8,1,GOOG,Sell,100
2013,7,26,GOOG,Buy,100
2013,8,2,GOOG,Sell,100
2013,7,29,GOOG,Buy,100
2013,8,5,GOOG,Sell,100
2013,7,30,GOOG,Buy,100
2013,8,6,GOOG,Sell,100
2013,7,31,GOOG,Buy,100
2013,8,7,GOOG,Sell,100
2013,8,1,GOOG,Buy,100
2013,8,8,GOOG,Sell,100
2013,8,2,GOOG,Buy,100
2013,8,9,GOOG,Sell,100
2013,8,5,GOOG,Buy,100
2013,8,12,GOOG,Sell,100
2013,8,6,GOOG,Buy,100
2013,8,13,GOOG,Sell,100
2013,8,7,GOOG,Buy,100
2013,8,14,GOOG,Sell,100
2013,8,8,GOOG,Buy,100
2013,8,15,GOOG,Sell,100
2013,8,9,GOOG,Buy,100
2013,8,16,GOOG,Sell,100
2013,8,12,GOOG,Buy,100
2013,8,19,GOOG,Sell,100
2013,8,13,GOOG,Buy,100
2013,8,20,GOOG,Sell,100
2013,8,14,GOOG,Buy,100
2013,8,21,GOOG,Sell,100
2013,8,15,GOOG,Buy,100
2013,8,22,GOOG,Sell,100
2013,8,16,GOOG,Buy,100
2013,8,23,GOOG,Sell,100
2013,8,19,GOOG,Buy,100
2013,8,26,GOOG,Sell,100
2013,8,20,GOOG,Buy,100
2013,8,27,GOOG,Sell,100
2013,8,21,GOOG,Buy,100
2013,8,28,GOOG,Sell,100
2013,8,22,GOOG,Buy,100
2013,8,29,GOOG,Sell,100
2013,8,23,GOOG,Buy,100
2013,8,30,GOOG,Sell,100
2013,8,26,GOOG,Buy,100
2013,9,3,GOOG,Sell,100
2013,8,27,GOOG,Buy,100
2013,9,4,GOOG,Sell,100
2013,8,28,GOOG,Buy,100
2013,9,5,GOOG,Sell,100
2013,8,29,GOOG,Buy,100
2013,9,6,GOOG,Sell,100
2013,8,30,GOOG,Buy,100
2013,9,9,GOOG,Sell,100
2013,9,3,GOOG,Buy,100
2013,9,10,GOOG,Sell,100
2013,9,4,GOOG,Buy,100
2013,9,11,GOOG,Sell,100
2013,9,5,GOOG,Buy,100
2013,9,12,GOOG,Sell,100
2013,9,6,GOOG,Buy,100
2013,9,13,GOOG,Sell,100
2013,9,9,GOOG,Buy,100
2013,9,16,GOOG,Sell,100
2013,9,10,GOOG,Buy,100
2013,9,17,GOOG,Sell,100
2013,9,11,GOOG,Buy,100
2013,9,18,GOOG,Sell,100
2013,9,12,GOOG,Buy,100
2013,9,19,GOOG,Sell,100
2013,9,13,GOOG,Buy,100
2013,9,20,GOOG,Sell,100
2013,9,16,GOOG,Buy,100
2013,9,23,GOOG,Sell,100
2013,9,17,GOOG,Buy,100
2013,9,24,GOOG,Sell,100
2013,9,18,GOOG,Buy,100
2013,9,25,GOOG,Sell,100
2013,9,19,GOOG,Buy,100
2013,9,26,GOOG,Sell,100
2013,9,20,GOOG,Buy,100
2013,9,27,GOOG,Sell,100
2013,9,23,GOOG,Buy,100
2013,9,30,GOOG,Sell,100
2013,9,24,GOOG,Buy,100
2013,10,1,GOOG,Sell,100
2013,9,25,GOOG,Buy,100
2013,10,2,GOOG,Sell,100
2013,9,26,GOOG,Buy,100
2013,10,3,GOOG,Sell,100
2013,9,27,GOOG,Buy,100
2013,10,4,GOOG,Sell,100
2013,9,30,GOOG,Buy,100
2013,10,7,GOOG,Sell,100
2013,10,1,GOOG,Buy,100
2013,10,8,GOOG,Sell,100
2013,10,2,GOOG,Buy,100
2013,10,9,GOOG,Sell,100
2013,10,3,GOOG,Buy,100
2013,10,10,GOOG,Sell,100
2013,10,4,GOOG,Buy,100
2013,10,11,GOOG,Sell,100
2013,10,7,GOOG,Buy,100
2013,10,14,GOOG,Sell,100
2013,10,8,GOOG,Buy,100
2013,10,15,GOOG,Sell,100
2013,10,9,GOOG,Buy,100
2013,10,16,GOOG,Sell,100
2013,10,10,GOOG,Buy,100
2013,10,17,GOOG,Sell,100
2013,10,11,GOOG,Buy,100
2013,10,18,GOOG,Sell,100
2013,10,14,GOOG,Buy,100
2013,10,21,GOOG,Sell,100
2013,10,15,GOOG,Buy,100
2013,10,22,GOOG,Sell,100
2013,10,16,GOOG,Buy,100
2013,10,23,GOOG,Sell,100
2013,10,17,GOOG,Buy,100
2013,10,24,GOOG,Sell,100
2013,10,18,GOOG,Buy,100
2013,10,25,GOOG,Sell,100
2013,10,21,GOOG,Buy,100
2013,10,28,GOOG,Sell,100
2013,10,22,GOOG,Buy,100
2013,10,29,GOOG,Sell,100
2013,10,23,GOOG,Buy,100
2013,10,30,GOOG,Sell,100
2013,10,24,GOOG,Buy,100
2013,10,31,GOOG,Sell,100
2013,10,25,GOOG,Buy,100
2013,11,1,GOOG,Sell,100
2013,10,28,GOOG,Buy,100
2013,11,4,GOOG,Sell,100
2013,10,29,GOOG,Buy,100
2013,11,5,GOOG,Sell,100
2013,10,30,GOOG,Buy,100
2013,11,6,GOOG,Sell,100
2013,10,31,GOOG,Buy,100
2013,11,7,GOOG,Sell,100
2013,11,1,GOOG,Buy,100
2013,11,8,GOOG,Sell,100
2013,11,4,GOOG,Buy,100
2013,11,11,GOOG,Sell,100
2013,11,5,GOOG,Buy,100
2013,11,12,GOOG,Sell,100
2013,11,6,GOOG,Buy,100
2013,11,13,GOOG,Sell,100
2013,11,7,GOOG,Buy,100
2013,11,14,GOOG,Sell,100
2013,11,8,GOOG,Buy,100
2013,11,15,GOOG,Sell,100
2013,11,11,GOOG,Buy,100
2013,11,18,GOOG,Sell,100
2013,11,12,GOOG,Buy,100
2013,11,19,GOOG,Sell,100
2013,11,13,GOOG,Buy,100
2013,11,20,GOOG,Sell,100
2013,11,14,GOOG,Buy,100
2013,11,21,GOOG,Sell,100
2013,11,15,GOOG,Buy,100
2013,11,22,GOOG,Sell,100
2013,11,18,GOOG,Buy,100
2013,11,25,GOOG,Sell,100
2013,11,19,GOOG,Buy,100
2013,11,26,GOOG,Sell,100
2013,11,20,GOOG,Buy,100
2013,11,27,GOOG,Sell,100
2013,11,21,GOOG,Buy,100
2013,11,29,GOOG,Sell,100
2013,11,22,GOOG,Buy,100
2013,12,2,GOOG,Sell,100
2013,11,25,GOOG,Buy,100
2013,12,3,GOOG,Sell,100
2013,11,26,GOOG,Buy,100
2013,12,4,GOOG,Sell,100
2013,11,27,GOOG,Buy,100
2013,12,5,GOOG,Sell,100
2013,11,29,GOOG,Buy,100
2013,12,6,GOOG,Sell,100
2013,12,2,GOOG,Buy,100
2013,12,9,GOOG,Sell,100
2013,12,3,GOOG,Buy,100
2013,12,10,GOOG,Sell,100
2013,12,4,GOOG,Buy,100
2013,12,11,GOOG,Sell,100
2013,12,5,GOOG,Buy,100
2013,12,12,GOOG,Sell,100
2013,12,6,GOOG,Buy,100
2013,12,13,GOOG,Sell,100
2013,12,9,GOOG,Buy,100
2013,12,16,GOOG,Sell,100
2013,12,10,GOOG,Buy,100
2013,12,17,GOOG,Sell,100
2013,12,11,GOOG,Buy,100
2013,12,18,GOOG,Sell,100
2013,12,12,GOOG,Buy,100
2013,12,19,GOOG,Sell,100
2013,12,13,GOOG,Buy,100
2013,12,20,GOOG,Sell,100
2013,12,16,GOOG,Buy,100
2013,12,23,GOOG,Sell,100
2013,12,17,GOOG,Buy,100
2013,12,24,GOOG,Sell,100
2013,12,18,GOOG,Buy,100
2013,12,26,GOOG,Sell,100
2013,12,19,GOOG,Buy,100
2013,12,27,GOOG,Sell,100
2013,12,20,GOOG,Buy,100
2013,12,30,GOOG,Sell,100
2013,12,23,GOOG,Buy,100
2013,12,31,GOOG,Sell,100
2013,12,24,GOOG,Buy,100
2013,12,31,GOOG,Sell,100
2013,12,26,GOOG,Buy,100
2013,12,31,GOOG,Sell,100
2013,12,27,GOOG,Buy,100
2013,12,31,GOOG,Sell,100
2013,12,30,GOOG,Buy,100
2013,12,31,GOOG,Sell,100
2013,12,31,GOOG,Buy,100
2013,12,31,GOOG,Sell,100
2013,1,3,GE,Buy,100
2013,1,10,GE,Sell,100
2013,1,4,GE,Buy,100
2013,1,11,GE,Sell,100
2013,1,7,GE,Buy,100
2013,1,14,GE,Sell,100
2013,1,8,GE,Buy,100
2013,1,15,GE,Sell,100
2013,1,9,GE,Buy,100
2013,1,16,GE,Sell,100
2013,1,10,GE,Buy,100
2013,1,17,GE,Sell,100
2013,1,11,GE,Buy,100
2013,1,18,GE,Sell,100
2013,1,14,GE,Buy,100
2013,1,22,GE,Sell,100
2013,1,15,GE,Buy,100
2013,1,23,GE,Sell,100
2013,1,16,GE,Buy,100
2013,1,24,GE,Sell,100
2013,1,17,GE,Buy,100
2013,1,25,GE,Sell,100
2013,1,18,GE,Buy,100
2013,1,28,GE,Sell,100
2013,1,22,GE,Buy,100
2013,1,29,GE,Sell,100
2013,1,23,GE,Buy,100
2013,1,30,GE,Sell,100
2013,1,24,GE,Buy,100
2013,1,31,GE,Sell,100
2013,1,25,GE,Buy,100
2013,2,1,GE,Sell,100
2013,1,28,GE,Buy,100
2013,2,4,GE,Sell,100
2013,1,29,GE,Buy,100
2013,2,5,GE,Sell,100
2013,1,30,GE,Buy,100
2013,2,6,GE,Sell,100
2013,1,31,GE,Buy,100
2013,2,7,GE,Sell,100
2013,2,1,GE,Buy,100
2013,2,8,GE,Sell,100
2013,2,4,GE,Buy,100
2013,2,11,GE,Sell,100
2013,2,5,GE,Buy,100
2013,2,12,GE,Sell,100
2013,2,6,GE,Buy,100
2013,2,13,GE,Sell,100
2013,2,7,GE,Buy,100
2013,2,14,GE,Sell,100
2013,2,8,GE,Buy,100
2013,2,15,GE,Sell,100
2013,2,11,GE,Buy,100
2013,2,19,GE,Sell,100
2013,2,12,GE,Buy,100
2013,2,20,GE,Sell,100
2013,2,13,GE,Buy,100
2013,2,21,GE,Sell,100
2013,2,14,GE,Buy,100
2013,2,22,GE,Sell,100
2013,2,15,GE,Buy,100
2013,2,25,GE,Sell,100
2013,2,19,GE,Buy,100
2013,2,26,GE,Sell,100
2013,2,20,GE,Buy,100
2013,2,27,GE,Sell,100
2013,2,21,GE,Buy,100
2013,2,28,GE,Sell,100
2013,2,22,GE,Buy,100
2013,3,1,GE,Sell,100
2013,2,25,GE,Buy,100
2013,3,4,GE,Sell,100
2013,2,26,GE,Buy,100
2013,3,5,GE,Sell,100
2013,2,27,GE,Buy,100
2013,3,6,GE,Sell,100
2013,2,28,GE,Buy,100
2013,3,7,GE,Sell,100
2013,3,1,GE,Buy,100
2013,3,8,GE,Sell,100
2013,3,4,GE,Buy,100
2013,3,11,GE,Sell,100
2013,3,5,GE,Buy,100
2013,3,12,GE,Sell,100
2013,3,6,GE,Buy,100
2013,3,13,GE,Sell,100
2013,3,7,GE,Buy,100
2013,3,14,GE,Sell,100
2013,3,8,GE,Buy,100
2013,3,15,GE,Sell,100
2013,3,11,GE,Buy,100
2013,3,18,GE,Sell,100
2013,3,12,GE,Buy,100
2013,3,19,GE,Sell,100
2013,3,13,GE,Buy,100
2013,3,20,GE,Sell,100
2013,3,14,GE,Buy,100
2013,3,21,GE,Sell,100
2013,3,15,GE,Buy,100
2013,3,22,GE,Sell,100
2013,3,18,GE,Buy,100
2013,3,25,GE,Sell,100
2013,3,19,GE,Buy,100
2013,3,26,GE,Sell,100
2013,3,20,GE,Buy,100
2013,3,27,GE,Sell,100
2013,3,21,GE,Buy,100
2013,3,28,GE,Sell,100
2013,3,22,GE,Buy,100
2013,4,1,GE,Sell,100
2013,3,25,GE,Buy,100
2013,4,2,GE,Sell,100
2013,3,26,GE,Buy,100
2013,4,3,GE,Sell,100
2013,3,27,GE,Buy,100
2013,4,4,GE,Sell,100
2013,3,28,GE,Buy,100
2013,4,5,GE,Sell,100
2013,4,1,GE,Buy,100
2013,4,8,GE,Sell,100
2013,4,2,GE,Buy,100
2013,4,9,GE,Sell,100
2013,4,3,GE,Buy,100
2013,4,10,GE,Sell,100
2013,4,4,GE,Buy,100
2013,4,11,GE,Sell,100
2013,4,5,GE,Buy,100
2013,4,12,GE,Sell,100
2013,4,8,GE,Buy,100
2013,4,15,GE,Sell,100
2013,4,9,GE,Buy,100
2013,4,16,GE,Sell,100
2013,4,10,GE,Buy,100
2013,4,17,GE,Sell,100
2013,4,11,GE,Buy,100
2013,4,18,GE,Sell,100
2013,4,12,GE,Buy,100
2013,4,19,GE,Sell,100
2013,4,15,GE,Buy,100
2013,4,22,GE,Sell,100
2013,4,16,GE,Buy,100
2013,4,23,GE,Sell,100
2013,4,17,GE,Buy,100
2013,4,24,GE,Sell,100
2013,4,18,GE,Buy,100
2013,4,25,GE,Sell,100
2013,4,19,GE,Buy,100
2013,4,26,GE,Sell,100
2013,4,22,GE,Buy,100
2013,4,29,GE,Sell,100
2013,4,23,GE,Buy,100
2013,4,30,GE,Sell,100
2013,4,24,GE,Buy,100
2013,5,1,GE,Sell,100
2013,4,25,GE,Buy,100
2013,5,2,GE,Sell,100
2013,4,26,GE,Buy,100
2013,5,3,GE,Sell,100
2013,4,29,GE,Buy,100
2013,5,6,GE,Sell,100
2013,4,30,GE,Buy,100
2013,5,7,GE,Sell,100
2013,5,1,GE,Buy,100
2013,5,8,GE,Sell,100
2013,5,2,GE,Buy,100
2013,5,9,GE,Sell,100
2013,5,3,GE,Buy,100
2013,5,10,GE,Sell,100
2013,5,6,GE,Buy,100
2013,5,13,GE,Sell,100
2013,5,7,GE,Buy,100
2013,5,14,GE,Sell,100
2013,5,8,GE,Buy,100
2013,5,15,GE,Sell,100
2013,5,9,GE,Buy,100
2013,5,16,GE,Sell,100
2013,5,10,GE,Buy,100
2013,5,17,GE,Sell,100
2013,5,13,GE,Buy,100
2013,5,20,GE,Sell,100
2013,5,14,GE,Buy,100
2013,5,21,GE,Sell,100
2013,5,15,GE,Buy,100
2013,5,22,GE,Sell,100
2013,5,16,GE,Buy,100
2013,5,23,GE,Sell,100
2013,5,17,GE,Buy,100
2013,5,24,GE,Sell,100
2013,5,20,GE,Buy,100
2013,5,28,GE,Sell,100
2013,5,21,GE,Buy,100
2013,5,29,GE,Sell,100
2013,5,22,GE,Buy,100
2013,5,30,GE,Sell,100
2013,5,23,GE,Buy,100
2013,5,31,GE,Sell,100
2013,5,24,GE,Buy,100
2013,6,3,GE,Sell,100
2013,5,28,GE,Buy,100
2013,6,4,GE,Sell,100
2013,5,29,GE,Buy,100
2013,6,5,GE,Sell,100
2013,5,30,GE,Buy,100
2013,6,6,GE,Sell,100
2013,5,31,GE,Buy,100
2013,6,7,GE,Sell,100
2013,6,3,GE,Buy,100
2013,6,10,GE,Sell,100
2013,6,4,GE,Buy,100
2013,6,11,GE,Sell,100
2013,6,5,GE,Buy,100
2013,6,12,GE,Sell,100
2013,6,6,GE,Buy,100
2013,6,13,GE,Sell,100
2013,6,7,GE,Buy,100
2013,6,14,GE,Sell,100
2013,6,10,GE,Buy,100
2013,6,17,GE,Sell,100
2013,6,11,GE,Buy,100
2013,6,18,GE,Sell,100
2013,6,12,GE,Buy,100
2013,6,19,GE,Sell,100
2013,6,13,GE,Buy,100
2013,6,20,GE,Sell,100
2013,6,14,GE,Buy,100
2013,6,21,GE,Sell,100
2013,6,17,GE,Buy,100
2013,6,24,GE,Sell,100
2013,6,18,GE,Buy,100
2013,6,25,GE,Sell,100
2013,6,19,GE,Buy,100
2013,6,26,GE,Sell,100
2013,6,20,GE,Buy,100
2013,6,27,GE,Sell,100
2013,6,21,GE,Buy,100
2013,6,28,GE,Sell,100
2013,6,24,GE,Buy,100
2013,7,1,GE,Sell,100
2013,6,25,GE,Buy,100
2013,7,2,GE,Sell,100
2013,6,26,GE,Buy,100
2013,7,3,GE,Sell,100
2013,6,27,GE,Buy,100
2013,7,5,GE,Sell,100
2013,6,28,GE,Buy,100
2013,7,8,GE,Sell,100
2013,7,1,GE,Buy,100
2013,7,9,GE,Sell,100
2013,7,2,GE,Buy,100
2013,7,10,GE,Sell,100
2013,7,3,GE,Buy,100
2013,7,11,GE,Sell,100
2013,7,5,GE,Buy,100
2013,7,12,GE,Sell,100
2013,7,8,GE,Buy,100
2013,7,15,GE,Sell,100
2013,7,9,GE,Buy,100
2013,7,16,GE,Sell,100
2013,7,10,GE,Buy,100
2013,7,17,GE,Sell,100
2013,7,11,GE,Buy,100
2013,7,18,GE,Sell,100
2013,7,12,GE,Buy,100
2013,7,19,GE,Sell,100
2013,7,15,GE,Buy,100
2013,7,22,GE,Sell,100
2013,7,16,GE,Buy,100
2013,7,23,GE,Sell,100
2013,7,17,GE,Buy,100
2013,7,24,GE,Sell,100
2013,7,18,GE,Buy,100
2013,7,25,GE,Sell,100
2013,7,19,GE,Buy,100
2013,7,26,GE,Sell,100
2013,7,22,GE,Buy,100
2013,7,29,GE,Sell,100
2013,7,23,GE,Buy,100
2013,7,30,GE,Sell,100
2013,7,24,GE,Buy,100
2013,7,31,GE,Sell,100
2013,7,25,GE,Buy,100
2013,8,1,GE,Sell,100
2013,7,26,GE,Buy,100
2013,8,2,GE,Sell,100
2013,7,29,GE,Buy,100
2013,8,5,GE,Sell,100
2013,7,30,GE,Buy,100
2013,8,6,GE,Sell,100
2013,7,31,GE,Buy,100
2013,8,7,GE,Sell,100
2013,8,1,GE,Buy,100
2013,8,8,GE,Sell,100
2013,8,2,GE,Buy,100
2013,8,9,GE,Sell,100
2013,8,5,GE,Buy,100
2013,8,12,GE,Sell,100
2013,8,6,GE,Buy,100
2013,8,13,GE,Sell,100
2013,8,7,GE,Buy,100
2013,8,14,GE,Sell,100
2013,8,8,GE,Buy,100
2013,8,15,GE,Sell,100
2013,8,9,GE,Buy,100
2013,8,16,GE,Sell,100
2013,8,12,GE,Buy,100
2013,8,19,GE,Sell,100
2013,8,13,GE,Buy,100
2013,8,20,GE,Sell,100
2013,8,14,GE,Buy,100
2013,8,21,GE,Sell,100
2013,8,15,GE,Buy,100
2013,8,22,GE,Sell,100
2013,8,16,GE,Buy,100
2013,8,23,GE,Sell,100
2013,8,19,GE,Buy,100
2013,8,26,GE,Sell,100
2013,8,20,GE,Buy,100
2013,8,27,GE,Sell,100
2013,8,21,GE,Buy,100
2013,8,28,GE,Sell,100
2013,8,22,GE,Buy,100
2013,8,29,GE,Sell,100
2013,8,23,GE,Buy,100
2013,8,30,GE,Sell,100
2013,8,26,GE,Buy,100
2013,9,3,GE,Sell,100
2013,8,27,GE,Buy,100
2013,9,4,GE,Sell,100
2013,8,28,GE,Buy,100
2013,9,5,GE,Sell,100
2013,8,29,GE,Buy,100
2013,9,6,GE,Sell,100
2013,8,30,GE,Buy,100
2013,9,9,GE,Sell,100
2013,9,3,GE,Buy,100
2013,9,10,GE,Sell,100
2013,9,4,GE,Buy,100
2013,9,11,GE,Sell,100
2013,9,5,GE,Buy,100
2013,9,12,GE,Sell,100
2013,9,6,GE,Buy,100
2013,9,13,GE,Sell,100
2013,9,9,GE,Buy,100
2013,9,16,GE,Sell,100
2013,9,10,GE,Buy,100
2013,9,17,GE,Sell,100
2013,9,11,GE,Buy,100
2013,9,18,GE,Sell,100
2013,9,12,GE,Buy,100
2013,9,19,GE,Sell,100
2013,9,13,GE,Buy,100
2013,9,20,GE,Sell,100
2013,9,16,GE,Buy,100
2013,9,23,GE,Sell,100
2013,9,17,GE,Buy,100
2013,9,24,GE,Sell,100
2013,9,18,GE,Buy,100
2013,9,25,GE,Sell,100
2013,9,19,GE,Buy,100
2013,9,26,GE,Sell,100
2013,9,20,GE,Buy,100
2013,9,27,GE,Sell,100
2013,9,23,GE,Buy,100
2013,9,30,GE,Sell,100
2013,9,24,GE,Buy,100
2013,10,1,GE,Sell,100
2013,9,25,GE,Buy,100
2013,10,2,GE,Sell,100
2013,9,26,GE,Buy,100
2013,10,3,GE,Sell,100
2013,9,27,GE,Buy,100
2013,10,4,GE,Sell,100
2013,9,30,GE,Buy,100
2013,10,7,GE,Sell,100
2013,10,1,GE,Buy,100
2013,10,8,GE,Sell,100
2013,10,2,GE,Buy,100
2013,10,9,GE,Sell,100
2013,10,3,GE,Buy,100
2013,10,10,GE,Sell,100
2013,10,4,GE,Buy,100
2013,10,11,GE,Sell,100
2013,10,7,GE,Buy,100
2013,10,14,GE,Sell,100
2013,10,8,GE,Buy,100
2013,10,15,GE,Sell,100
2013,10,9,GE,Buy,100
2013,10,16,GE,Sell,100
2013,10,10,GE,Buy,100
2013,10,17,GE,Sell,100
2013,10,11,GE,Buy,100
2013,10,18,GE,Sell,100
2013,10,14,GE,Buy,100
2013,10,21,GE,Sell,100
2013,10,15,GE,Buy,100
2013,10,22,GE,Sell,100
2013,10,16,GE,Buy,100
2013,10,23,GE,Sell,100
2013,10,17,GE,Buy,100
2013,10,24,GE,Sell,100
2013,10,18,GE,Buy,100
2013,10,25,GE,Sell,100
2013,10,21,GE,Buy,100
2013,10,28,GE,Sell,100
2013,10,22,GE,Buy,100
2013,10,29,GE,Sell,100
2013,10,23,GE,Buy,100
2013,10,30,GE,Sell,100
2013,10,24,GE,Buy,100
2013,10,31,GE,Sell,100
2013,10,25,GE,Buy,100
2013,11,1,GE,Sell,100
2013,10,28,GE,Buy,100
2013,11,4,GE,Sell,100
2013,10,29,GE,Buy,100
2013,11,5,GE,Sell,100
2013,10,30,GE,Buy,100
2013,11,6,GE,Sell,100
2013,10,31,GE,Buy,100
2013,11,7,GE,Sell,100
2013,11,1,GE,Buy,100
2013,11,8,GE,Sell,100
2013,11,4,GE,Buy,100
2013,11,11,GE,Sell,100
2013,11,5,GE,Buy,100
2013,11,12,GE,Sell,100
2013,11,6,GE,Buy,100
2013,11,13,GE,Sell,100
2013,11,7,GE,Buy,100
2013,11,14,GE,Sell,100
2013,11,8,GE,Buy,100
2013,11,15,GE,Sell,100
2013,11,11,GE,Buy,100
2013,11,18,GE,Sell,100
2013,11,12,GE,Buy,100
2013,11,19,GE,Sell,100
2013,11,13,GE,Buy,100
2013,11,20,GE,Sell,100
2013,11,14,GE,Buy,100
2013,11,21,GE,Sell,100
2013,11,15,GE,Buy,100
2013,11,22,GE,Sell,100
2013,11,18,GE,Buy,100
2013,11,25,GE,Sell,100
2013,11,19,GE,Buy,100
2013,11,26,GE,Sell,100
2013,11,20,GE,Buy,100
2013,11,27,GE,Sell,100
2013,11,21,GE,Buy,100
2013,11,29,GE,Sell,100
2013,11,22,GE,Buy,100
2013,12,2,GE,Sell,100
2013,11,25,GE,Buy,100
2013,12,3,GE,Sell,100
2013,11,26,GE,Buy,100
2013,12,4,GE,Sell,100
2013,11,27,GE,Buy,100
2013,12,5,GE,Sell,100
2013,11,29,GE,Buy,100
2013,12,6,GE,Sell,100
2013,12,2,GE,Buy,100
2013,12,9,GE,Sell,100
2013,12,3,GE,Buy,100
2013,12,10,GE,Sell,100
2013,12,4,GE,Buy,100
2013,12,11,GE,Sell,100
2013,12,5,GE,Buy,100
2013,12,12,GE,Sell,100
2013,12,6,GE,Buy,100
2013,12,13,GE,Sell,100
2013,12,9,GE,Buy,100
2013,12,16,GE,Sell,100
2013,12,10,GE,Buy,100
2013,12,17,GE,Sell,100
2013,12,11,GE,Buy,100
2013,12,18,GE,Sell,100
2013,12,12,GE,Buy,100
2013,12,19,GE,Sell,100
2013,12,13,GE,Buy,100
2013,12,20,GE,Sell,100
2013,12,16,GE,Buy,100
2013,12,23,GE,Sell,100
2013,12,17,GE,Buy,100
2013,12,24,GE,Sell,100
2013,12,18,GE,Buy,100
2013,12,26,GE,Sell,100
2013,12,19,GE,Buy,100
2013,12,27,GE,Sell,100
2013,12,20,GE,Buy,100
2013,12,30,GE,Sell,100
2013,12,23,GE,Buy,100
2013,12,31,GE,Sell,100
2013,12,24,GE,Buy,100
2013,12,31,GE,Sell,100
2013,12,26,GE,Buy,100
2013,12,31,GE,Sell,100
2013,12,27,GE,Buy,100
2013,12,31,GE,Sell,100
2013,12,30,GE,Buy,100
2013,12,31,GE,Sell,100
2013,12,31,GE,Buy,100
2013,12,31,GE,Sell,100
2013,1,3,GLD,Buy,100
2013,1,10,GLD,Sell,100
2013,1,4,GLD,Buy,100
2013,1,11,GLD,Sell,100
2013,1,7,GLD,Buy,100
2013,1,14,GLD,Sell,100
2013,1,8,GLD,Buy,100
2013,1,15,GLD,Sell,100
2013,1,9,GLD,Buy,100
2013,1,16,GLD,Sell,100
2013,1,10,GLD,Buy,100
2013,1,17,GLD,Sell,100
2013,1,11,GLD,Buy,100
2013,1,18,GLD,Sell,100
2013,1,14,GLD,Buy,100
2013,1,22,GLD,Sell,100
2013,1,15,GLD,Buy,100
2013,1,23,GLD,Sell,100
2013,1,16,GLD,Buy,100
2013,1,24,GLD,Sell,100
2013,1,17,GLD,Buy,100
2013,1,25,GLD,Sell,100
2013,1,18,GLD,Buy,100
2013,1,28,GLD,Sell,100
2013,1,22,GLD,Buy,100
2013,1,29,GLD,Sell,100
2013,1,23,GLD,Buy,100
2013,1,30,GLD,Sell,100
2013,1,24,GLD,Buy,100
2013,1,31,GLD,Sell,100
2013,1,25,GLD,Buy,100
2013,2,1,GLD,Sell,100
2013,1,28,GLD,Buy,100
2013,2,4,GLD,Sell,100
2013,1,29,GLD,Buy,100
2013,2,5,GLD,Sell,100
2013,1,30,GLD,Buy,100
2013,2,6,GLD,Sell,100
2013,1,31,GLD,Buy,100
2013,2,7,GLD,Sell,100
2013,2,1,GLD,Buy,100
2013,2,8,GLD,Sell,100
2013,2,4,GLD,Buy,100
2013,2,11,GLD,Sell,100
2013,2,5,GLD,Buy,100
2013,2,12,GLD,Sell,100
2013,2,6,GLD,Buy,100
2013,2,13,GLD,Sell,100
2013,2,7,GLD,Buy,100
2013,2,14,GLD,Sell,100
2013,2,8,GLD,Buy,100
2013,2,15,GLD,Sell,100
2013,2,11,GLD,Buy,100
2013,2,19,GLD,Sell,100
2013,2,12,GLD,Buy,100
2013,2,20,GLD,Sell,100
2013,2,13,GLD,Buy,100
2013,2,21,GLD,Sell,100
2013,2,14,GLD,Buy,100
2013,2,22,GLD,Sell,100
2013,2,15,GLD,Buy,100
2013,2,25,GLD,Sell,100
2013,2,19,GLD,Buy,100
2013,2,26,GLD,Sell,100
2013,2,20,GLD,Buy,100
2013,2,27,GLD,Sell,100
2013,2,21,GLD,Buy,100
2013,2,28,GLD,Sell,100
2013,2,22,GLD,Buy,100
2013,3,1,GLD,Sell,100
2013,2,25,GLD,Buy,100
2013,3,4,GLD,Sell,100
2013,2,26,GLD,Buy,100
2013,3,5,GLD,Sell,100
2013,2,27,GLD,Buy,100
2013,3,6,GLD,Sell,100
2013,2,28,GLD,Buy,100
2013,3,7,GLD,Sell,100
2013,3,1,GLD,Buy,100
2013,3,8,GLD,Sell,100
2013,3,4,GLD,Buy,100
2013,3,11,GLD,Sell,100
2013,3,5,GLD,Buy,100
2013,3,12,GLD,Sell,100
2013,3,6,GLD,Buy,100
2013,3,13,GLD,Sell,100
2013,3,7,GLD,Buy,100
2013,3,14,GLD,Sell,100
2013,3,8,GLD,Buy,100
2013,3,15,GLD,Sell,100
2013,3,11,GLD,Buy,100
2013,3,18,GLD,Sell,100
2013,3,12,GLD,Buy,100
2013,3,19,GLD,Sell,100
2013,3,13,GLD,Buy,100
2013,3,20,GLD,Sell,100
2013,3,14,GLD,Buy,100
2013,3,21,GLD,Sell,100
2013,3,15,GLD,Buy,100
2013,3,22,GLD,Sell,100
2013,3,18,GLD,Buy,100
2013,3,25,GLD,Sell,100
2013,3,19,GLD,Buy,100
2013,3,26,GLD,Sell,100
2013,3,20,GLD,Buy,100
2013,3,27,GLD,Sell,100
2013,3,21,GLD,Buy,100
2013,3,28,GLD,Sell,100
2013,3,22,GLD,Buy,100
2013,4,1,GLD,Sell,100
2013,3,25,GLD,Buy,100
2013,4,2,GLD,Sell,100
2013,3,26,GLD,Buy,100
2013,4,3,GLD,Sell,100
2013,3,27,GLD,Buy,100
2013,4,4,GLD,Sell,100
2013,3,28,GLD,Buy,100
2013,4,5,GLD,Sell,100
2013,4,1,GLD,Buy,100
2013,4,8,GLD,Sell,100
2013,4,2,GLD,Buy,100
2013,4,9,GLD,Sell,100
2013,4,3,GLD,Buy,100
2013,4,10,GLD,Sell,100
2013,4,4,GLD,Buy,100
2013,4,11,GLD,Sell,100
2013,4,5,GLD,Buy,100
2013,4,12,GLD,Sell,100
2013,4,8,GLD,Buy,100
2013,4,15,GLD,Sell,100
2013,4,9,GLD,Buy,100
2013,4,16,GLD,Sell,100
2013,4,10,GLD,Buy,100
2013,4,17,GLD,Sell,100
2013,4,11,GLD,Buy,100
2013,4,18,GLD,Sell,100
2013,4,12,GLD,Buy,100
2013,4,19,GLD,Sell,100
2013,4,15,GLD,Buy,100
2013,4,22,GLD,Sell,100
2013,4,16,GLD,Buy,100
2013,4,23,GLD,Sell,100
2013,4,17,GLD,Buy,100
2013,4,24,GLD,Sell,100
2013,4,18,GLD,Buy,100
2013,4,25,GLD,Sell,100
2013,4,19,GLD,Buy,100
2013,4,26,GLD,Sell,100
2013,4,22,GLD,Buy,100
2013,4,29,GLD,Sell,100
2013,4,23,GLD,Buy,100
2013,4,30,GLD,Sell,100
2013,4,24,GLD,Buy,100
2013,5,1,GLD,Sell,100
2013,4,25,GLD,Buy,100
2013,5,2,GLD,Sell,100
2013,4,26,GLD,Buy,100
2013,5,3,GLD,Sell,100
2013,4,29,GLD,Buy,100
2013,5,6,GLD,Sell,100
2013,4,30,GLD,Buy,100
2013,5,7,GLD,Sell,100
2013,5,1,GLD,Buy,100
2013,5,8,GLD,Sell,100
2013,5,2,GLD,Buy,100
2013,5,9,GLD,Sell,100
2013,5,3,GLD,Buy,100
2013,5,10,GLD,Sell,100
2013,5,6,GLD,Buy,100
2013,5,13,GLD,Sell,100
2013,5,7,GLD,Buy,100
2013,5,14,GLD,Sell,100
2013,5,8,GLD,Buy,100
2013,5,15,GLD,Sell,100
2013,5,9,GLD,Buy,100
2013,5,16,GLD,Sell,100
2013,5,10,GLD,Buy,100
2013,5,17,GLD,Sell,100
2013,5,13,GLD,Buy,100
2013,5,20,GLD,Sell,100
2013,5,14,GLD,Buy,100
2013,5,21,GLD,Sell,100
2013,5,15,GLD,Buy,100
2013,5,22,GLD,Sell,100
2013,5,16,GLD,Buy,100
2013,5,23,GLD,Sell,100
2013,5,17,GLD,Buy,100
2013,5,24,GLD,Sell,100
2013,5,20,GLD,Buy,100
2013,5,28,GLD,Sell,100
2013,5,21,GLD,Buy,100
2013,5,29,GLD,Sell,100
2013,5,22,GLD,Buy,100
2013,5,30,GLD,Sell,100
2013,5,23,GLD,Buy,100
2013,5,31,GLD,Sell,100
2013,5,24,GLD,Buy,100
2013,6,3,GLD,Sell,100
2013,5,28,GLD,Buy,100
2013,6,4,GLD,Sell,100
2013,5,29,GLD,Buy,100
2013,6,5,GLD,Sell,100
2013,5,30,GLD,Buy,100
2013,6,6,GLD,Sell,100
2013,5,31,GLD,Buy,100
2013,6,7,GLD,Sell,100
2013,6,3,GLD,Buy,100
2013,6,10,GLD,Sell,100
2013,6,4,GLD,Buy,100
2013,6,11,GLD,Sell,100
2013,6,5,GLD,Buy,100
2013,6,12,GLD,Sell,100
2013,6,6,GLD,Buy,100
2013,6,13,GLD,Sell,100
2013,6,7,GLD,Buy,100
2013,6,14,GLD,Sell,100
2013,6,10,GLD,Buy,100
2013,6,17,GLD,Sell,100
2013,6,11,GLD,Buy,100
2013,6,18,GLD,Sell,100
2013,6,12,GLD,Buy,100
2013,6,19,GLD,Sell,100
2013,6,13,GLD,Buy,100
2013,6,20,GLD,Sell,100
2013,6,14,GLD,Buy,100
2013,6,21,GLD,Sell,100
2013,6,17,GLD,Buy,100
2013,6,24,GLD,Sell,100
2013,6,18,GLD,Buy,100
2013,6,25,GLD,Sell,100
2013,6,19,GLD,Buy,100
2013,6,26,GLD,Sell,100
2013,6,20,GLD,Buy,100
2013,6,27,GLD,Sell,100
2013,6,21,GLD,Buy,100
2013,6,28,GLD,Sell,100
2013,6,24,GLD,Buy,100
2013,7,1,GLD,Sell,100
2013,6,25,GLD,Buy,100
2013,7,2,GLD,Sell,100
2013,6,26,GLD,Buy,100
2013,7,3,GLD,Sell,100
2013,6,27,GLD,Buy,100
2013,7,5,GLD,Sell,100
2013,6,28,GLD,Buy,100
2013,7,8,GLD,Sell,100
2013,7,1,GLD,Buy,100
2013,7,9,GLD,Sell,100
2013,7,2,GLD,Buy,100
2013,7,10,GLD,Sell,100
2013,7,3,GLD,Buy,100
2013,7,11,GLD,Sell,100
2013,7,5,GLD,Buy,100
2013,7,12,GLD,Sell,100
2013,7,8,GLD,Buy,100
2013,7,15,GLD,Sell,100
2013,7,9,GLD,Buy,100
2013,7,16,GLD,Sell,100
2013,7,10,GLD,Buy,100
2013,7,17,GLD,Sell,100
2013,7,11,GLD,Buy,100
2013,7,18,GLD,Sell,100
2013,7,12,GLD,Buy,100
2013,7,19,GLD,Sell,100
2013,7,15,GLD,Buy,100
2013,7,22,GLD,Sell,100
2013,7,16,GLD,Buy,100
2013,7,23,GLD,Sell,100
2013,7,17,GLD,Buy,100
2013,7,24,GLD,Sell,100
2013,7,18,GLD,Buy,100
2013,7,25,GLD,Sell,100
2013,7,19,GLD,Buy,100
2013,7,26,GLD,Sell,100
2013,7,22,GLD,Buy,100
2013,7,29,GLD,Sell,100
2013,7,23,GLD,Buy,100
2013,7,30,GLD,Sell,100
2013,7,24,GLD,Buy,100
2013,7,31,GLD,Sell,100
2013,7,25,GLD,Buy,100
2013,8,1,GLD,Sell,100
2013,7,26,GLD,Buy,100
2013,8,2,GLD,Sell,100
2013,7,29,GLD,Buy,100
2013,8,5,GLD,Sell,100
2013,7,30,GLD,Buy,100
2013,8,6,GLD,Sell,100
2013,7,31,GLD,Buy,100
2013,8,7,GLD,Sell,100
2013,8,1,GLD,Buy,100
2013,8,8,GLD,Sell,100
2013,8,2,GLD,Buy,100
2013,8,9,GLD,Sell,100
2013,8,5,GLD,Buy,100
2013,8,12,GLD,Sell,100
2013,8,6,GLD,Buy,100
2013,8,13,GLD,Sell,100
2013,8,7,GLD,Buy,100
2013,8,14,GLD,Sell,100
2013,8,8,GLD,Buy,100
2013,8,15,GLD,Sell,100
2013,8,9,GLD,Buy,100
2013,8,16,GLD,Sell,100
2013,8,12,GLD,Buy,100
2013,8,19,GLD,Sell,100
2013,8,13,GLD,Buy,100
2013,8,20,GLD,Sell,100
2013,8,14,GLD,Buy,100
2013,8,21,GLD,Sell,100
2013,8,15,GLD,Buy,100
2013,8,22,GLD,Sell,100
2013,8,16,GLD,Buy,100
2013,8,23,GLD,Sell,100
2013,8,19,GLD,Buy,100
2013,8,26,GLD,Sell,100
2013,8,20,GLD,Buy,100
2013,8,27,GLD,Sell,100
2013,8,21,GLD,Buy,100
2013,8,28,GLD,Sell,100
2013,8,22,GLD,Buy,100
2013,8,29,GLD,Sell,100
2013,8,23,GLD,Buy,100
2013,8,30,GLD,Sell,100
2013,8,26,GLD,Buy,100
2013,9,3,GLD,Sell,100
2013,8,27,GLD,Buy,100
2013,9,4,GLD,Sell,100
2013,8,28,GLD,Buy,100
2013,9,5,GLD,Sell,100
2013,8,29,GLD,Buy,100
2013,9,6,GLD,Sell,100
2013,8,30,GLD,Buy,100
2013,9,9,GLD,Sell,100
2013,9,3,GLD,Buy,100
2013,9,10,GLD,Sell,100
2013,9,4,GLD,Buy,100
2013,9,11,GLD,Sell,100
2013,9,5,GLD,Buy,100
2013,9,12,GLD,Sell,100
2013,9,6,GLD,Buy,100
2013,9,13,GLD,Sell,100
2013,9,9,GLD,Buy,100
2013,9,16,GLD,Sell,100
2013,9,10,GLD,Buy,100
2013,9,17,GLD,Sell,100
2013,9,11,GLD,Buy,100
2013,9,18,GLD,Sell,100
2013,9,12,GLD,Buy,100
2013,9,19,GLD,Sell,100
2013,9,13,GLD,Buy,100
2013,9,20,GLD,Sell,100
2013,9,16,GLD,Buy,100
2013,9,23,GLD,Sell,100
2013,9,17,GLD,Buy,100
2013,9,24,GLD,Sell,100
2013,9,18,GLD,Buy,100
2013,9,25,GLD,Sell,100
2013,9,19,GLD,Buy,100
2013,9,26,GLD,Sell,100
2013,9,20,GLD,Buy,100
2013,9,27,GLD,Sell,100
2013,9,23,GLD,Buy,100
2013,9,30,GLD,Sell,100
2013,9,24,GLD,Buy,100
2013,10,1,GLD,Sell,100
2013,9,25,GLD,Buy,100
2013,10,2,GLD,Sell,100
2013,9,26,GLD,Buy,100
2013,10,3,GLD,Sell,100
2013,9,27,GLD,Buy,100
2013,10,4,GLD,Sell,100
2013,9,30,GLD,Buy,100
2013,10,7,GLD,Sell,100
2013,10,1,GLD,Buy,100
2013,10,8,GLD,Sell,100
2013,10,2,GLD,Buy,100
2013,10,9,GLD,Sell,100
2013,10,3,GLD,Buy,100
2013,10,10,GLD,Sell,100
2013,10,4,GLD,Buy,100
2013,10,11,GLD,Sell,100
2013,10,7,GLD,Buy,100
2013,10,14,GLD,Sell,100
2013,10,8,GLD,Buy,100
2013,10,15,GLD,Sell,100
2013,10,9,GLD,Buy,100
2013,10,16,GLD,Sell,100
2013,10,10,GLD,Buy,100
2013,10,17,GLD,Sell,100
2013,10,11,GLD,Buy,100
2013,10,18,GLD,Sell,100
2013,10,14,GLD,Buy,100
2013,10,21,GLD,Sell,100
2013,10,15,GLD,Buy,100
2013,10,22,GLD,Sell,100
2013,10,16,GLD,Buy,100
2013,10,23,GLD,Sell,100
2013,10,17,GLD,Buy,100
2013,10,24,GLD,Sell,100
2013,10,18,GLD,Buy,100
2013,10,25,GLD,Sell,100
2013,10,21,GLD,Buy,100
2013,10,28,GLD,Sell,100
2013,10,22,GLD,Buy,100
2013,10,29,GLD,Sell,100
2013,10,23,GLD,Buy,100
2013,10,30,GLD,Sell,100
2013,10,24,GLD,Buy,100
2013,10,31,GLD,Sell,100
2013,10,25,GLD,Buy,100
2013,11,1,GLD,Sell,100
2013,10,28,GLD,Buy,100
2013,11,4,GLD,Sell,100
2013,10,29,GLD,Buy,100
2013,11,5,GLD,Sell,100
2013,10,30,GLD,Buy,100
2013,11,6,GLD,Sell,100
2013,10,31,GLD,Buy,100
2013,11,7,GLD,Sell,100
2013,11,1,GLD,Buy,100
2013,11,8,GLD,Sell,100
2013,11,4,GLD,Buy,100
2013,11,11,GLD,Sell,100
2013,11,5,GLD,Buy,100
2013,11,12,GLD,Sell,100
2013,11,6,GLD,Buy,100
2013,11,13,GLD,Sell,100
2013,11,7,GLD,Buy,100
2013,11,14,GLD,Sell,100
2013,11,8,GLD,Buy,100
2013,11,15,GLD,Sell,100
2013,11,11,GLD,Buy,100
2013,11,18,GLD,Sell,100
2013,11,12,GLD,Buy,100
2013,11,19,GLD,Sell,100
2013,11,13,GLD,Buy,100
2013,11,20,GLD,Sell,100
2013,11,14,GLD,Buy,100
2013,11,21,GLD,Sell,100
2013,11,15,GLD,Buy,100
2013,11,22,GLD,Sell,100
2013,11,18,GLD,Buy,100
2013,11,25,GLD,Sell,100
2013,11,19,GLD,Buy,100
2013,11,26,GLD,Sell,100
2013,11,20,GLD,Buy,100
2013,11,27,GLD,Sell,100
2013,11,21,GLD,Buy,100
2013,11,29,GLD,Sell,100
2013,11,22,GLD,Buy,100
2013,12,2,GLD,Sell,100
2013,11,25,GLD,Buy,100
2013,12,3,GLD,Sell,100
2013,11,26,GLD,Buy,100
2013,12,4,GLD,Sell,100
2013,11,27,GLD,Buy,100
2013,12,5,GLD,Sell,100
2013,11,29,GLD,Buy,100
2013,12,6,GLD,Sell,100
2013,12,2,GLD,Buy,100
2013,12,9,GLD,Sell,100
2013,12,3,GLD,Buy,100
2013,12,10,GLD,Sell,100
2013,12,4,GLD,Buy,100
2013,12,11,GLD,Sell,100
2013,12,5,GLD,Buy,100
2013,12,12,GLD,Sell,100
2013,12,6,GLD,Buy,100
2013,12,13,GLD,Sell,100
2013,12,9,GLD,Buy,100
2013,12,16,GLD,Sell,100
2013,12,10,GLD,Buy,100
2013,12,17,GLD,Sell,100
2013,12,11,GLD,Buy,100
2013,12,18,GLD,Sell,100
2013,12,12,GLD,Buy,100
2013,12,19,GLD,Sell,100
2013,12,13,GLD,Buy,100
2013,12,20,GLD,Sell,100
2013,12,16,GLD,Buy,100
2013,12,23,GLD,Sell,100
2013,12,17,GLD,Buy,100
2013,12,24,GLD,Sell,100
2013,12,18,GLD,Buy,100
2013,12,26,GLD,Sell,100
2013,12,19,GLD,Buy,100
2013,12,27,GLD,Sell,100
2013,12,20,GLD,Buy,100
2013,12,30,GLD,Sell,100
2013,12,23,GLD,Buy,100
2013,12,31,GLD,Sell,100
2013,12,24,GLD,Buy,100
2013,12,31,GLD,Sell,100
2013,12,26,GLD,Buy,100
2013,12,31,GLD,Sell,100
2013,12,27,GLD,Buy,100
2013,12,31,GLD,Sell,100
2013,12,30,GLD,Buy,100
2013,12,31,GLD,Sell,100
2013,12,31,GLD,Buy,100
2013,12,31,GLD,Sell,100
2013,1,3,SPY,Buy,100
2013,1,10,SPY,Sell,100
2013,1,4,SPY,Buy,100
2013,1,11,SPY,Sell,100
2013,1,7,SPY,Buy,100
2013,1,14,SPY,Sell,100
2013,1,8,SPY,Buy,100
2013,1,15,SPY,Sell,100
2013,1,9,SPY,Buy,100
2013,1,16,SPY,Sell,100
2013,1,10,SPY,Buy,100
2013,1,17,SPY,Sell,100
2013,1,11,SPY,Buy,100
2013,1,18,SPY,Sell,100
2013,1,14,SPY,Buy,100
2013,1,22,SPY,Sell,100
2013,1,15,SPY,Buy,100
2013,1,23,SPY,Sell,100
2013,1,16,SPY,Buy,100
2013,1,24,SPY,Sell,100
2013,1,17,SPY,Buy,100
2013,1,25,SPY,Sell,100
2013,1,18,SPY,Buy,100
2013,1,28,SPY,Sell,100
2013,1,22,SPY,Buy,100
2013,1,29,SPY,Sell,100
2013,1,23,SPY,Buy,100
2013,1,30,SPY,Sell,100
2013,1,24,SPY,Buy,100
2013,1,31,SPY,Sell,100
2013,1,25,SPY,Buy,100
2013,2,1,SPY,Sell,100
2013,1,28,SPY,Buy,100
2013,2,4,SPY,Sell,100
2013,1,29,SPY,Buy,100
2013,2,5,SPY,Sell,100
2013,1,30,SPY,Buy,100
2013,2,6,SPY,Sell,100
2013,1,31,SPY,Buy,100
2013,2,7,SPY,Sell,100
2013,2,1,SPY,Buy,100
2013,2,8,SPY,Sell,100
2013,2,4,SPY,Buy,100
2013,2,11,SPY,Sell,100
2013,2,5,SPY,Buy,100
2013,2,12,SPY,Sell,100
2013,2,6,SPY,Buy,100
2013,2,13,SPY,Sell,100
2013,2,7,SPY,Buy,100
2013,2,14,SPY,Sell,100
2013,2,8,SPY,Buy,100
2013,2,15,SPY,Sell,100
2013,2,11,SPY,Buy,100
2013,2,19,SPY,Sell,100
2013,2,12,SPY,Buy,100
2013,2,20,SPY,Sell,100
2013,2,13,SPY,Buy,100
2013,2,21,SPY,Sell,100
2013,2,14,SPY,Buy,100
2013,2,22,SPY,Sell,100
2013,2,15,SPY,Buy,100
2013,2,25,SPY,Sell,100
2013,2,19,SPY,Buy,100
2013,2,26,SPY,Sell,100
2013,2,20,SPY,Buy,100
2013,2,27,SPY,Sell,100
2013,2,21,SPY,Buy,100
2013,2,28,SPY,Sell,100
2013,2,22,SPY,Buy,100
2013,3,1,SPY,Sell,100
2013,2,25,SPY,Buy,100
2013,3,4,SPY,Sell,100
2013,2,26,SPY,Buy,100
2013,3,5,SPY,Sell,100
2013,2,27,SPY,Buy,100
2013,3,6,SPY,Sell,100
2013,2,28,SPY,Buy,100
2013,3,7,SPY,Sell,100
2013,3,1,SPY,Buy,100
2013,3,8,SPY,Sell,100
2013,3,4,SPY,Buy,100
2013,3,11,SPY,Sell,100
2013,3,5,SPY,Buy,100
2013,3,12,SPY,Sell,100
2013,3,6,SPY,Buy,100
2013,3,13,SPY,Sell,100
2013,3,7,SPY,Buy,100
2013,3,14,SPY,Sell,100
2013,3,8,SPY,Buy,100
2013,3,15,SPY,Sell,100
2013,3,11,SPY,Buy,100
2013,3,18,SPY,Sell,100
2013,3,12,SPY,Buy,100
2013,3,19,SPY,Sell,100
2013,3,13,SPY,Buy,100
2013,3,20,SPY,Sell,100
2013,3,14,SPY,Buy,100
2013,3,21,SPY,Sell,100
2013,3,15,SPY,Buy,100
2013,3,22,SPY,Sell,100
2013,3,18,SPY,Buy,100
2013,3,25,SPY,Sell,100
2013,3,19,SPY,Buy,100
2013,3,26,SPY,Sell,100
2013,3,20,SPY,Buy,100
2013,3,27,SPY,Sell,100
2013,3,21,SPY,Buy,100
2013,3,28,SPY,Sell,100
2013,3,22,SPY,Buy,100
2013,4,1,SPY,Sell,100
2013,3,25,SPY,Buy,100
2013,4,2,SPY,Sell,100
2013,3,26,SPY,Buy,100
2013,4,3,SPY,Sell,100
2013,3,27,SPY,Buy,100
2013,4,4,SPY,Sell,100
2013,3,28,SPY,Buy,100
2013,4,5,SPY,Sell,100
2013,4,1,SPY,Buy,100
2013,4,8,SPY,Sell,100
2013,4,2,SPY,Buy,100
2013,4,9,SPY,Sell,100
2013,4,3,SPY,Buy,100
2013,4,10,SPY,Sell,100
2013,4,4,SPY,Buy,100
2013,4,11,SPY,Sell,100
2013,4,5,SPY,Buy,100
2013,4,12,SPY,Sell,100
2013,4,8,SPY,Buy,100
2013,4,15,SPY,Sell,100
2013,4,9,SPY,Buy,100
2013,4,16,SPY,Sell,100
2013,4,10,SPY,Buy,100
2013,4,17,SPY,Sell,100
2013,4,11,SPY,Buy,100
2013,4,18,SPY,Sell,100
2013,4,12,SPY,Buy,100
2013,4,19,SPY,Sell,100
2013,4,15,SPY,Buy,100
2013,4,22,SPY,Sell,100
2013,4,16,SPY,Buy,100
2013,4,23,SPY,Sell,100
2013,4,17,SPY,Buy,100
2013,4,24,SPY,Sell,100
2013,4,18,SPY,Buy,100
2013,4,25,SPY,Sell,100
2013,4,19,SPY,Buy,100
2013,4,26,SPY,Sell,100
2013,4,22,SPY,Buy,100
2013,4,29,SPY,Sell,100
2013,4,23,SPY,Buy,100
2013,4,30,SPY,Sell,100
2013,4,24,SPY,Buy,100
2013,5,1,SPY,Sell,100
2013,4,25,SPY,Buy,100
2013,5,2,SPY,Sell,100
2013,4,26,SPY,Buy,100
2013,5,3,SPY,Sell,100
2013,4,29,SPY,Buy,100
2013,5,6,SPY,Sell,100
2013,4,30,SPY,Buy,100
2013,5,7,SPY,Sell,100
2013,5,1,SPY,Buy,100
2013,5,8,SPY,Sell,100
2013,5,2,SPY,Buy,100
2013,5,9,SPY,Sell,100
2013,5,3,SPY,Buy,100
2013,5,10,SPY,Sell,100
2013,5,6,SPY,Buy,100
2013,5,13,SPY,Sell,100
2013,5,7,SPY,Buy,100
2013,5,14,SPY,Sell,100
2013,5,8,SPY,Buy,100
2013,5,15,SPY,Sell,100
2013,5,9,SPY,Buy,100
2013,5,16,SPY,Sell,100
2013,5,10,SPY,Buy,100
2013,5,17,SPY,Sell,100
2013,5,13,SPY,Buy,100
2013,5,20,SPY,Sell,100
2013,5,14,SPY,Buy,100
2013,5,21,SPY,Sell,100
2013,5,15,SPY,Buy,100
2013,5,22,SPY,Sell,100
2013,5,16,SPY,Buy,100
2013,5,23,SPY,Sell,100
2013,5,17,SPY,Buy,100
2013,5,24,SPY,Sell,100
2013,5,20,SPY,Buy,100
2013,5,28,SPY,Sell,100
2013,5,21,SPY,Buy,100
2013,5,29,SPY,Sell,100
2013,5,22,SPY,Buy,100
2013,5,30,SPY,Sell,100
2013,5,23,SPY,Buy,100
2013,5,31,SPY,Sell,100
2013,5,24,SPY,Buy,100
2013,6,3,SPY,Sell,100
2013,5,28,SPY,Buy,100
2013,6,4,SPY,Sell,100
2013,5,29,SPY,Buy,100
2013,6,5,SPY,Sell,100
2013,5,30,SPY,Buy,100
2013,6,6,SPY,Sell,100
2013,5,31,SPY,Buy,100
2013,6,7,SPY,Sell,100
2013,6,3,SPY,Buy,100
2013,6,10,SPY,Sell,100
2013,6,4,SPY,Buy,100
2013,6,11,SPY,Sell,100
2013,6,5,SPY,Buy,100
2013,6,12,SPY,Sell,100
2013,6,6,SPY,Buy,100
2013,6,13,SPY,Sell,100
2013,6,7,SPY,Buy,100
2013,6,14,SPY,Sell,100
2013,6,10,SPY,Buy,100
2013,6,17,SPY,Sell,100
2013,6,11,SPY,Buy,100
2013,6,18,SPY,Sell,100
2013,6,12,SPY,Buy,100
2013,6,19,SPY,Sell,100
2013,6,13,SPY,Buy,100
2013,6,20,SPY,Sell,100
2013,6,14,SPY,Buy,100
2013,6,21,SPY,Sell,100
2013,6,17,SPY,Buy,100
2013,6,24,SPY,Sell,100
2013,6,18,SPY,Buy,100
2013,6,25,SPY,Sell,100
2013,6,19,SPY,Buy,100
2013,6,26,SPY,Sell,100
2013,6,20,SPY,Buy,100
2013,6,27,SPY,Sell,100
2013,6,21,SPY,Buy,100
2013,6,28,SPY,Sell,100
2013,6,24,SPY,Buy,100
2013,7,1,SPY,Sell,100
2013,6,25,SPY,Buy,100
2013,7,2,SPY,Sell,100
2013,6,26,SPY,Buy,100
2013,7,3,SPY,Sell,100
2013,6,27,SPY,Buy,100
2013,7,5,SPY,Sell,100
2013,6,28,SPY,Buy,100
2013,7,8,SPY,Sell,100
2013,7,1,SPY,Buy,100
2013,7,9,SPY,Sell,100
2013,7,2,SPY,Buy,100
2013,7,10,SPY,Sell,100
2013,7,3,SPY,Buy,100
2013,7,11,SPY,Sell,100
2013,7,5,SPY,Buy,100
2013,7,12,SPY,Sell,100
2013,7,8,SPY,Buy,100
2013,7,15,SPY,Sell,100
2013,7,9,SPY,Buy,100
2013,7,16,SPY,Sell,100
2013,7,10,SPY,Buy,100
2013,7,17,SPY,Sell,100
2013,7,11,SPY,Buy,100
2013,7,18,SPY,Sell,100
2013,7,12,SPY,Buy,100
2013,7,19,SPY,Sell,100
2013,7,15,SPY,Buy,100
2013,7,22,SPY,Sell,100
2013,7,16,SPY,Buy,100
2013,7,23,SPY,Sell,100
2013,7,17,SPY,Buy,100
2013,7,24,SPY,Sell,100
2013,7,18,SPY,Buy,100
2013,7,25,SPY,Sell,100
2013,7,19,SPY,Buy,100
2013,7,26,SPY,Sell,100
2013,7,22,SPY,Buy,100
2013,7,29,SPY,Sell,100
2013,7,23,SPY,Buy,100
2013,7,30,SPY,Sell,100
2013,7,24,SPY,Buy,100
2013,7,31,SPY,Sell,100
2013,7,25,SPY,Buy,100
2013,8,1,SPY,Sell,100
2013,7,26,SPY,Buy,100
2013,8,2,SPY,Sell,100
2013,7,29,SPY,Buy,100
2013,8,5,SPY,Sell,100
2013,7,30,SPY,Buy,100
2013,8,6,SPY,Sell,100
2013,7,31,SPY,Buy,100
2013,8,7,SPY,Sell,100
2013,8,1,SPY,Buy,100
2013,8,8,SPY,Sell,100
2013,8,2,SPY,Buy,100
2013,8,9,SPY,Sell,100
2013,8,5,SPY,Buy,100
2013,8,12,SPY,Sell,100
2013,8,6,SPY,Buy,100
2013,8,13,SPY,Sell,100
2013,8,7,SPY,Buy,100
2013,8,14,SPY,Sell,100
2013,8,8,SPY,Buy,100
2013,8,15,SPY,Sell,100
2013,8,9,SPY,Buy,100
2013,8,16,SPY,Sell,100
2013,8,12,SPY,Buy,100
2013,8,19,SPY,Sell,100
2013,8,13,SPY,Buy,100
2013,8,20,SPY,Sell,100
2013,8,14,SPY,Buy,100
2013,8,21,SPY,Sell,100
2013,8,15,SPY,Buy,100
2013,8,22,SPY,Sell,100
2013,8,16,SPY,Buy,100
2013,8,23,SPY,Sell,100
2013,8,19,SPY,Buy,100
2013,8,26,SPY,Sell,100
2013,8,20,SPY,Buy,100
2013,8,27,SPY,Sell,100
2013,8,21,SPY,Buy,100
2013,8,28,SPY,Sell,100
2013,8,22,SPY,Buy,100
2013,8,29,SPY,Sell,100
2013,8,23,SPY,Buy,100
2013,8,30,SPY,Sell,100
2013,8,26,SPY,Buy,100
2013,9,3,SPY,Sell,100
2013,8,27,SPY,Buy,100
2013,9,4,SPY,Sell,100
2013,8,28,SPY,Buy,100
2013,9,5,SPY,Sell,100
2013,8,29,SPY,Buy,100
2013,9,6,SPY,Sell,100
2013,8,30,SPY,Buy,100
2013,9,9,SPY,Sell,100
2013,9,3,SPY,Buy,100
2013,9,10,SPY,Sell,100
2013,9,4,SPY,Buy,100
2013,9,11,SPY,Sell,100
2013,9,5,SPY,Buy,100
2013,9,12,SPY,Sell,100
2013,9,6,SPY,Buy,100
2013,9,13,SPY,Sell,100
2013,9,9,SPY,Buy,100
2013,9,16,SPY,Sell,100
2013,9,10,SPY,Buy,100
2013,9,17,SPY,Sell,100
2013,9,11,SPY,Buy,100
2013,9,18,SPY,Sell,100
2013,9,12,SPY,Buy,100
2013,9,19,SPY,Sell,100
2013,9,13,SPY,Buy,100
2013,9,20,SPY,Sell,100
2013,9,16,SPY,Buy,100
2013,9,23,SPY,Sell,100
2013,9,17,SPY,Buy,100
2013,9,24,SPY,Sell,100
2013,9,18,SPY,Buy,100
2013,9,25,SPY,Sell,100
2013,9,19,SPY,Buy,100
2013,9,26,SPY,Sell,100
2013,9,20,SPY,Buy,100
2013,9,27,SPY,Sell,100
2013,9,23,SPY,Buy,100
2013,9,30,SPY,Sell,100
2013,9,24,SPY,Buy,100
2013,10,1,SPY,Sell,100
2013,9,25,SPY,Buy,100
2013,10,2,SPY,Sell,100
2013,9,26,SPY,Buy,100
2013,10,3,SPY,Sell,100
2013,9,27,SPY,Buy,100
2013,10,4,SPY,Sell,100
2013,9,30,SPY,Buy,100
2013,10,7,SPY,Sell,100
2013,10,1,SPY,Buy,100
2013,10,8,SPY,Sell,100
2013,10,2,SPY,Buy,100
2013,10,9,SPY,Sell,100
2013,10,3,SPY,Buy,100
2013,10,10,SPY,Sell,100
2013,10,4,SPY,Buy,100
2013,10,11,SPY,Sell,100
2013,10,7,SPY,Buy,100
2013,10,14,SPY,Sell,100
2013,10,8,SPY,Buy,100
2013,10,15,SPY,Sell,100
2013,10,9,SPY,Buy,100
2013,10,16,SPY,Sell,100
2013,10,10,SPY,Buy,100
2013,10,17,SPY,Sell,100
2013,10,11,SPY,Buy,100
2013,10,18,SPY,Sell,100
2013,10,14,SPY,Buy,100
2013,10,21,SPY,Sell,100
2013,10,15,SPY,Buy,100
2013,10,22,SPY,Sell,100
2013,10,16,SPY,Buy,100
2013,10,23,SPY,Sell,100
2013,10,17,SPY,Buy,100
2013,10,24,SPY,Sell,100
2013,10,18,SPY,Buy,100
2013,10,25,SPY,Sell,100
2013,10,21,SPY,Buy,100
2013,10,28,SPY,Sell,100
2013,10,22,SPY,Buy,100
2013,10,29,SPY,Sell,100
2013,10,23,SPY,Buy,100
2013,10,30,SPY,Sell,100
2013,10,24,SPY,Buy,100
2013,10,31,SPY,Sell,100
2013,10,25,SPY,Buy,100
2013,11,1,SPY,Sell,100
2013,10,28,SPY,Buy,100
2013,11,4,SPY,Sell,100
2013,10,29,SPY,Buy,100
2013,11,5,SPY,Sell,100
2013,10,30,SPY,Buy,100
2013,11,6,SPY,Sell,100
2013,10,31,SPY,Buy,100
2013,11,7,SPY,Sell,100
2013,11,1,SPY,Buy,100
2013,11,8,SPY,Sell,100
2013,11,4,SPY,Buy,100
2013,11,11,SPY,Sell,100
2013,11,5,SPY,Buy,100
2013,11,12,SPY,Sell,100
2013,11,6,SPY,Buy,100
2013,11,13,SPY,Sell,100
2013,11,7,SPY,Buy,100
2013,11,14,SPY,Sell,100
2013,11,8,SPY,Buy,100
2013,11,15,SPY,Sell,100
2013,11,11,SPY,Buy,100
2013,11,18,SPY,Sell,100
2013,11,12,SPY,Buy,100
2013,11,19,SPY,Sell,100
2013,11,13,SPY,Buy,100
2013,11,20,SPY,Sell,100
2013,11,14,SPY,Buy,100
2013,11,21,SPY,Sell,100
2013,11,15,SPY,Buy,100
2013,11,22,SPY,Sell,100
2013,11,18,SPY,Buy,100
2013,11,25,SPY,Sell,100
2013,11,19,SPY,Buy,100
2013,11,26,SPY,Sell,100
2013,11,20,SPY,Buy,100
2013,11,27,SPY,Sell,100
2013,11,21,SPY,Buy,100
2013,11,29,SPY,Sell,100
2013,11,22,SPY,Buy,100
2013,12,2,SPY,Sell,100
2013,11,25,SPY,Buy,100
2013,12,3,SPY,Sell,100
2013,11,26,SPY,Buy,100
2013,12,4,SPY,Sell,100
2013,11,27,SPY,Buy,100
2013,12,5,SPY,Sell,100
2013,11,29,SPY,Buy,100
2013,12,6,SPY,Sell,100
2013,12,2,SPY,Buy,100
2013,12,9,SPY,Sell,100
2013,12,3,SPY,Buy,100
2013,12,10,SPY,Sell,100
2013,12,4,SPY,Buy,100
2013,12,11,SPY,Sell,100
2013,12,5,SPY,Buy,100
2013,12,12,SPY,Sell,100
2013,12,6,SPY,Buy,100
2013,12,13,SPY,Sell,100
2013,12,9,SPY,Buy,100
2013,12,16,SPY,Sell,100
2013,12,10,SPY,Buy,100
2013,12,17,SPY,Sell,100
2013,12,11,SPY,Buy,100
2013,12,18,SPY,Sell,100
2013,12,12,SPY,Buy,100
2013,12,19,SPY,Sell,100
2013,12,13,SPY,Buy,100
2013,12,20,SPY,Sell,100
2013,12,16,SPY,Buy,100
2013,12,23,SPY,Sell,100
2013,12,17,SPY,Buy,100
2013,12,24,SPY,Sell,100
2013,12,18,SPY,Buy,100
2013,12,26,SPY,Sell,100
2013,12,19,SPY,Buy,100
2013,12,27,SPY,Sell,100
2013,12,20,SPY,Buy,100
2013,12,30,SPY,Sell,100
2013,12,23,SPY,Buy,100
2013,12,31,SPY,Sell,100
2013,12,24,SPY,Buy,100
2013,12,31,SPY,Sell,100
2013,12,26,SPY,Buy,100
2013,12,31,SPY,Sell,100
2013,12,27,SPY,Buy,100
2013,12,31,SPY,Sell,100
2013,12,30,SPY,Buy,100
2013,12,31,SPY,Sell,100
2013,12,31,SPY,Buy,100
2013,12,31,SPY,Sell,100
